Replicate;SubjectCode;ProductCode;AttributeCode;Score
1;S5733;A;Butter;1.9
1;S5733;A;Crumbly;9.4
1;S5733;A;Dense;8.9
1;S5733;A;Elastic;8.4
1;S5733;A;Fat;6.1
1;S5733;A;Fruity;1.2
1;S5733;A;Hard;9.3
1;S5733;A;Intense;4.3
1;S5733;A;Milky;5.9
1;S5733;A;Salted;4.2
1;S5733;A;Smooth;0.9
1;S5733;A;Sticky;3.3
2;S5733;A;Butter;1.8
2;S5733;A;Crumbly;9.4
2;S5733;A;Dense;9.1
2;S5733;A;Elastic;9.5
2;S5733;A;Fat;2.3
2;S5733;A;Fruity;4.9
2;S5733;A;Hard;8.1
2;S5733;A;Intense;4.6
2;S5733;A;Milky;4.4
2;S5733;A;Salted;6.7
2;S5733;A;Smooth;1.0
2;S5733;A;Sticky;1.4
3;S5733;A;Butter;1.9
3;S5733;A;Crumbly;8.5
3;S5733;A;Dense;9.0
3;S5733;A;Elastic;9.0
3;S5733;A;Fat;3.0
3;S5733;A;Fruity;0.9
3;S5733;A;Hard;8.6
3;S5733;A;Intense;1.8
3;S5733;A;Milky;3.8
3;S5733;A;Salted;5.7
3;S5733;A;Smooth;1.7
3;S5733;A;Sticky;2.7
1;S5734;A;Butter;2.8
1;S5734;A;Crumbly;6.3
1;S5734;A;Dense;8.0
1;S5734;A;Elastic;7.2
1;S5734;A;Fat;3.9
1;S5734;A;Fruity;1.9
1;S5734;A;Hard;8.5
1;S5734;A;Intense;5.7
1;S5734;A;Milky;6.8
1;S5734;A;Salted;7.0
1;S5734;A;Smooth;2.9
1;S5734;A;Sticky;2.2
2;S5734;A;Butter;2.8
2;S5734;A;Crumbly;6.3
2;S5734;A;Dense;5.1
2;S5734;A;Elastic;4.8
2;S5734;A;Fat;3.7
2;S5734;A;Fruity;6.5
2;S5734;A;Hard;6.5
2;S5734;A;Intense;5.7
2;S5734;A;Milky;4.1
2;S5734;A;Salted;4.4
2;S5734;A;Smooth;2.7
2;S5734;A;Sticky;3.3
3;S5734;A;Butter;1.8
3;S5734;A;Crumbly;8.1
3;S5734;A;Dense;8.2
3;S5734;A;Elastic;8.5
3;S5734;A;Fat;2.6
3;S5734;A;Fruity;1.9
3;S5734;A;Hard;7.0
3;S5734;A;Intense;3.9
3;S5734;A;Milky;3.4
3;S5734;A;Salted;3.4
3;S5734;A;Smooth;3.8
3;S5734;A;Sticky;3.8
1;S5735;A;Butter;5.2
1;S5735;A;Crumbly;9.2
1;S5735;A;Dense;9.0
1;S5735;A;Elastic;9.5
1;S5735;A;Fat;4.4
1;S5735;A;Fruity;6.2
1;S5735;A;Hard;7.5
1;S5735;A;Intense;7.6
1;S5735;A;Milky;6.1
1;S5735;A;Salted;9.7
1;S5735;A;Smooth;0.3
1;S5735;A;Sticky;1.4
2;S5735;A;Butter;5.8
2;S5735;A;Crumbly;7.6
2;S5735;A;Dense;6.6
2;S5735;A;Elastic;7.0
2;S5735;A;Fat;4.9
2;S5735;A;Fruity;6.4
2;S5735;A;Hard;4.4
2;S5735;A;Intense;8.9
2;S5735;A;Milky;7.4
2;S5735;A;Salted;10.0
2;S5735;A;Smooth;2.3
2;S5735;A;Sticky;3.7
3;S5735;A;Butter;1.2
3;S5735;A;Crumbly;9.6
3;S5735;A;Dense;8.5
3;S5735;A;Elastic;9.0
3;S5735;A;Fat;1.1
3;S5735;A;Fruity;5.0
3;S5735;A;Hard;5.8
3;S5735;A;Intense;8.9
3;S5735;A;Milky;3.3
3;S5735;A;Salted;10.0
3;S5735;A;Smooth;0.3
3;S5735;A;Sticky;0.7
1;S5736;A;Butter;5.4
1;S5736;A;Crumbly;6.9
1;S5736;A;Dense;6.3
1;S5736;A;Elastic;7.15
1;S5736;A;Fat;4.05
1;S5736;A;Fruity;3.3
1;S5736;A;Hard;5.9
1;S5736;A;Intense;5.35
1;S5736;A;Milky;4.45
1;S5736;A;Salted;3.7
1;S5736;A;Smooth;4.95
1;S5736;A;Sticky;4.35
2;S5736;A;Butter;4.5
2;S5736;A;Crumbly;6.9
2;S5736;A;Dense;5.9
2;S5736;A;Elastic;6.9
2;S5736;A;Fat;3.7
2;S5736;A;Fruity;2.3
2;S5736;A;Hard;7.0
2;S5736;A;Intense;4.7
2;S5736;A;Milky;3.7
2;S5736;A;Salted;5.8
2;S5736;A;Smooth;5.6
2;S5736;A;Sticky;2.6
3;S5736;A;Butter;6.3
3;S5736;A;Crumbly;6.9
3;S5736;A;Dense;6.7
3;S5736;A;Elastic;7.4
3;S5736;A;Fat;4.4
3;S5736;A;Fruity;4.3
3;S5736;A;Hard;4.8
3;S5736;A;Intense;6.0
3;S5736;A;Milky;5.2
3;S5736;A;Salted;1.6
3;S5736;A;Smooth;4.3
3;S5736;A;Sticky;6.1
1;S5737;A;Butter;5.2
1;S5737;A;Crumbly;7.9
1;S5737;A;Dense;7.3
1;S5737;A;Elastic;3.1
1;S5737;A;Fat;0.8
1;S5737;A;Fruity;0.0
1;S5737;A;Hard;5.6
1;S5737;A;Intense;3.3
1;S5737;A;Milky;3.1
1;S5737;A;Salted;6.2
1;S5737;A;Smooth;0.5
1;S5737;A;Sticky;0.6
2;S5737;A;Butter;0.2
2;S5737;A;Crumbly;7.6
2;S5737;A;Dense;7.8
2;S5737;A;Elastic;7.8
2;S5737;A;Fat;1.0
2;S5737;A;Fruity;0.1
2;S5737;A;Hard;8.5
2;S5737;A;Intense;3.0
2;S5737;A;Milky;1.0
2;S5737;A;Salted;5.9
2;S5737;A;Smooth;0.8
2;S5737;A;Sticky;0.2
3;S5737;A;Butter;1.3
3;S5737;A;Crumbly;7.9
3;S5737;A;Dense;8.3
3;S5737;A;Elastic;8.1
3;S5737;A;Fat;3.5
3;S5737;A;Fruity;0.1
3;S5737;A;Hard;7.3
3;S5737;A;Intense;3.0
3;S5737;A;Milky;2.7
3;S5737;A;Salted;9.4
3;S5737;A;Smooth;1.1
3;S5737;A;Sticky;0.3
1;S5738;A;Butter;1.6
1;S5738;A;Crumbly;9.1
1;S5738;A;Dense;6.9
1;S5738;A;Elastic;9.6
1;S5738;A;Fat;4.8
1;S5738;A;Fruity;2.1
1;S5738;A;Hard;6.0
1;S5738;A;Intense;2.5
1;S5738;A;Milky;2.4
1;S5738;A;Salted;7.5
1;S5738;A;Smooth;0.3
1;S5738;A;Sticky;1.7
2;S5738;A;Butter;1.6
2;S5738;A;Crumbly;8.3
2;S5738;A;Dense;6.3
2;S5738;A;Elastic;7.8
2;S5738;A;Fat;6.3
2;S5738;A;Fruity;2.6
2;S5738;A;Hard;5.6
2;S5738;A;Intense;6.6
2;S5738;A;Milky;0.5
2;S5738;A;Salted;7.0
2;S5738;A;Smooth;0.9
2;S5738;A;Sticky;3.2
3;S5738;A;Butter;2.5
3;S5738;A;Crumbly;6.8
3;S5738;A;Dense;2.0
3;S5738;A;Elastic;8.4
3;S5738;A;Fat;7.0
3;S5738;A;Fruity;3.1
3;S5738;A;Hard;6.0
3;S5738;A;Intense;5.5
3;S5738;A;Milky;2.7
3;S5738;A;Salted;5.4
3;S5738;A;Smooth;0.8
3;S5738;A;Sticky;2.7
1;S5739;A;Butter;0.1
1;S5739;A;Crumbly;2.6
1;S5739;A;Dense;7.5
1;S5739;A;Elastic;4.9
1;S5739;A;Fat;0.0
1;S5739;A;Fruity;0.0
1;S5739;A;Hard;5.9
1;S5739;A;Intense;1.6
1;S5739;A;Milky;0.0
1;S5739;A;Salted;3.3
1;S5739;A;Smooth;0.0
1;S5739;A;Sticky;0.0
2;S5739;A;Butter;0.9
2;S5739;A;Crumbly;1.1
2;S5739;A;Dense;7.1
2;S5739;A;Elastic;7.2
2;S5739;A;Fat;0.0
2;S5739;A;Fruity;0.0
2;S5739;A;Hard;6.1
2;S5739;A;Intense;1.6
2;S5739;A;Milky;0.9
2;S5739;A;Salted;1.7
2;S5739;A;Smooth;0.0
2;S5739;A;Sticky;0.0
3;S5739;A;Butter;1.1
3;S5739;A;Crumbly;0.7
3;S5739;A;Dense;6.1
3;S5739;A;Elastic;8.2
3;S5739;A;Fat;0.0
3;S5739;A;Fruity;0.0
3;S5739;A;Hard;6.7
3;S5739;A;Intense;1.1
3;S5739;A;Milky;1.1
3;S5739;A;Salted;1.2
3;S5739;A;Smooth;0.0
3;S5739;A;Sticky;0.0
1;S5740;A;Butter;0.8
1;S5740;A;Crumbly;8.7
1;S5740;A;Dense;3.6
1;S5740;A;Elastic;1.6
1;S5740;A;Fat;1.4
1;S5740;A;Fruity;0.4
1;S5740;A;Hard;2.5
1;S5740;A;Intense;1.6
1;S5740;A;Milky;2.4
1;S5740;A;Salted;3.2
1;S5740;A;Smooth;3.2
1;S5740;A;Sticky;0.9
2;S5740;A;Butter;1.6
2;S5740;A;Crumbly;7.2
2;S5740;A;Dense;2.8
2;S5740;A;Elastic;1.7
2;S5740;A;Fat;2.9
2;S5740;A;Fruity;0.5
2;S5740;A;Hard;1.0
2;S5740;A;Intense;2.6
2;S5740;A;Milky;2.4
2;S5740;A;Salted;3.2
2;S5740;A;Smooth;2.4
2;S5740;A;Sticky;0.7
3;S5740;A;Butter;3.0
3;S5740;A;Crumbly;5.7
3;S5740;A;Dense;2.3
3;S5740;A;Elastic;2.5
3;S5740;A;Fat;3.2
3;S5740;A;Fruity;0.4
3;S5740;A;Hard;1.9
3;S5740;A;Intense;3.3
3;S5740;A;Milky;2.7
3;S5740;A;Salted;3.4
3;S5740;A;Smooth;4.3
3;S5740;A;Sticky;1.1
1;S5741;A;Butter;2.3
1;S5741;A;Crumbly;6.7
1;S5741;A;Dense;6.7
1;S5741;A;Elastic;5.3
1;S5741;A;Fat;5.6
1;S5741;A;Fruity;0.8
1;S5741;A;Hard;4.9
1;S5741;A;Intense;2.8
1;S5741;A;Milky;1.6
1;S5741;A;Salted;2.7
1;S5741;A;Smooth;3.9
1;S5741;A;Sticky;2.5
2;S5741;A;Butter;0.9
2;S5741;A;Crumbly;7.9
2;S5741;A;Dense;5.0
2;S5741;A;Elastic;6.3
2;S5741;A;Fat;6.1
2;S5741;A;Fruity;2.4
2;S5741;A;Hard;3.0
2;S5741;A;Intense;2.3
2;S5741;A;Milky;2.1
2;S5741;A;Salted;2.2
2;S5741;A;Smooth;6.0
2;S5741;A;Sticky;3.0
3;S5741;A;Butter;1.6
3;S5741;A;Crumbly;8.1
3;S5741;A;Dense;6.7
3;S5741;A;Elastic;5.7
3;S5741;A;Fat;5.8
3;S5741;A;Fruity;2.3
3;S5741;A;Hard;5.0
3;S5741;A;Intense;2.5
3;S5741;A;Milky;0.9
3;S5741;A;Salted;1.7
3;S5741;A;Smooth;4.9
3;S5741;A;Sticky;2.2
1;S5742;A;Butter;3.0
1;S5742;A;Crumbly;9.0
1;S5742;A;Dense;8.5
1;S5742;A;Elastic;6.6
1;S5742;A;Fat;2.2
1;S5742;A;Fruity;3.9
1;S5742;A;Hard;7.8
1;S5742;A;Intense;5.2
1;S5742;A;Milky;4.3
1;S5742;A;Salted;4.6
1;S5742;A;Smooth;1.0
1;S5742;A;Sticky;3.2
2;S5742;A;Butter;1.3
2;S5742;A;Crumbly;8.5
2;S5742;A;Dense;8.8
2;S5742;A;Elastic;4.6
2;S5742;A;Fat;1.8
2;S5742;A;Fruity;8.0
2;S5742;A;Hard;8.1
2;S5742;A;Intense;7.5
2;S5742;A;Milky;4.0
2;S5742;A;Salted;5.1
2;S5742;A;Smooth;1.1
2;S5742;A;Sticky;3.3
3;S5742;A;Butter;2.2
3;S5742;A;Crumbly;8.8
3;S5742;A;Dense;8.7
3;S5742;A;Elastic;5.6
3;S5742;A;Fat;2.0
3;S5742;A;Fruity;6.0
3;S5742;A;Hard;8.0
3;S5742;A;Intense;6.4
3;S5742;A;Milky;4.2
3;S5742;A;Salted;4.9
3;S5742;A;Smooth;1.1
3;S5742;A;Sticky;3.3
1;S5743;A;Butter;2.3
1;S5743;A;Crumbly;4.3
1;S5743;A;Dense;1.6
1;S5743;A;Elastic;2.1
1;S5743;A;Fat;2.0
1;S5743;A;Fruity;2.4
1;S5743;A;Hard;2.0
1;S5743;A;Intense;2.3
1;S5743;A;Milky;2.3
1;S5743;A;Salted;3.3
1;S5743;A;Smooth;2.1
1;S5743;A;Sticky;1.9
2;S5743;A;Butter;1.3
2;S5743;A;Crumbly;2.9
2;S5743;A;Dense;2.1
2;S5743;A;Elastic;1.8
2;S5743;A;Fat;2.0
2;S5743;A;Fruity;3.1
2;S5743;A;Hard;1.9
2;S5743;A;Intense;3.1
2;S5743;A;Milky;3.1
2;S5743;A;Salted;3.3
2;S5743;A;Smooth;2.5
2;S5743;A;Sticky;1.6
3;S5743;A;Butter;2.7
3;S5743;A;Crumbly;5.0
3;S5743;A;Dense;2.6
3;S5743;A;Elastic;3.0
3;S5743;A;Fat;3.6
3;S5743;A;Fruity;3.3
3;S5743;A;Hard;4.4
3;S5743;A;Intense;1.9
3;S5743;A;Milky;2.2
3;S5743;A;Salted;3.3
3;S5743;A;Smooth;3.4
3;S5743;A;Sticky;2.6
1;S5744;A;Butter;2.5
1;S5744;A;Crumbly;8.3
1;S5744;A;Dense;8.3
1;S5744;A;Elastic;8.1
1;S5744;A;Fat;1.9
1;S5744;A;Fruity;0.9
1;S5744;A;Hard;8.0
1;S5744;A;Intense;5.4
1;S5744;A;Milky;1.7
1;S5744;A;Salted;5.7
1;S5744;A;Smooth;1.8
1;S5744;A;Sticky;1.4
2;S5744;A;Butter;2.6
2;S5744;A;Crumbly;7.2
2;S5744;A;Dense;6.8
2;S5744;A;Elastic;6.4
2;S5744;A;Fat;3.2
2;S5744;A;Fruity;2.3
2;S5744;A;Hard;6.6
2;S5744;A;Intense;4.4
2;S5744;A;Milky;0.6
2;S5744;A;Salted;5.7
2;S5744;A;Smooth;5.9
2;S5744;A;Sticky;3.5
3;S5744;A;Butter;1.5
3;S5744;A;Crumbly;6.7
3;S5744;A;Dense;6.0
3;S5744;A;Elastic;6.4
3;S5744;A;Fat;1.9
3;S5744;A;Fruity;2.5
3;S5744;A;Hard;6.0
3;S5744;A;Intense;5.7
3;S5744;A;Milky;0.7
3;S5744;A;Salted;3.4
3;S5744;A;Smooth;3.8
3;S5744;A;Sticky;2.8
1;S5745;A;Butter;2.2
1;S5745;A;Crumbly;8.3
1;S5745;A;Dense;7.3
1;S5745;A;Elastic;7.0
1;S5745;A;Fat;4.0
1;S5745;A;Fruity;6.8
1;S5745;A;Hard;6.4
1;S5745;A;Intense;4.0
1;S5745;A;Milky;4.5
1;S5745;A;Salted;2.6
1;S5745;A;Smooth;0.8
1;S5745;A;Sticky;3.6
2;S5745;A;Butter;7.8
2;S5745;A;Crumbly;8.3
2;S5745;A;Dense;7.6
2;S5745;A;Elastic;8.2
2;S5745;A;Fat;5.9
2;S5745;A;Fruity;8.3
2;S5745;A;Hard;6.8
2;S5745;A;Intense;7.1
2;S5745;A;Milky;7.9
2;S5745;A;Salted;3.2
2;S5745;A;Smooth;2.2
2;S5745;A;Sticky;6.9
3;S5745;A;Butter;6.0
3;S5745;A;Crumbly;8.4
3;S5745;A;Dense;8.0
3;S5745;A;Elastic;7.8
3;S5745;A;Fat;2.0
3;S5745;A;Fruity;7.4
3;S5745;A;Hard;7.8
3;S5745;A;Intense;5.3
3;S5745;A;Milky;7.3
3;S5745;A;Salted;5.0
3;S5745;A;Smooth;1.9
3;S5745;A;Sticky;3.8
1;S5746;A;Butter;7.7
1;S5746;A;Crumbly;7.4
1;S5746;A;Dense;6.3
1;S5746;A;Elastic;6.5
1;S5746;A;Fat;7.3
1;S5746;A;Fruity;6.2
1;S5746;A;Hard;2.1
1;S5746;A;Intense;6.7
1;S5746;A;Milky;7.5
1;S5746;A;Salted;5.7
1;S5746;A;Smooth;7.7
1;S5746;A;Sticky;7.4
2;S5746;A;Butter;7.6
2;S5746;A;Crumbly;8.4
2;S5746;A;Dense;6.5
2;S5746;A;Elastic;6.9
2;S5746;A;Fat;8.1
2;S5746;A;Fruity;6.3
2;S5746;A;Hard;3.4
2;S5746;A;Intense;6.9
2;S5746;A;Milky;7.5
2;S5746;A;Salted;7.8
2;S5746;A;Smooth;7.6
2;S5746;A;Sticky;7.8
3;S5746;A;Butter;8.4
3;S5746;A;Crumbly;9.4
3;S5746;A;Dense;7.3
3;S5746;A;Elastic;8.8
3;S5746;A;Fat;2.9
3;S5746;A;Fruity;3.2
3;S5746;A;Hard;7.2
3;S5746;A;Intense;5.0
3;S5746;A;Milky;6.7
3;S5746;A;Salted;3.3
3;S5746;A;Smooth;6.0
3;S5746;A;Sticky;2.3
1;S5747;A;Butter;5.8
1;S5747;A;Crumbly;5.2
1;S5747;A;Dense;6.2
1;S5747;A;Elastic;4.6
1;S5747;A;Fat;5.1
1;S5747;A;Fruity;2.0
1;S5747;A;Hard;5.1
1;S5747;A;Intense;3.6
1;S5747;A;Milky;5.0
1;S5747;A;Salted;4.7
1;S5747;A;Smooth;4.9
1;S5747;A;Sticky;5.2
2;S5747;A;Butter;6.0
2;S5747;A;Crumbly;6.9
2;S5747;A;Dense;7.5
2;S5747;A;Elastic;8.1
2;S5747;A;Fat;4.4
2;S5747;A;Fruity;1.5
2;S5747;A;Hard;5.7
2;S5747;A;Intense;3.6
2;S5747;A;Milky;5.2
2;S5747;A;Salted;5.1
2;S5747;A;Smooth;5.6
2;S5747;A;Sticky;4.6
3;S5747;A;Butter;6.6
3;S5747;A;Crumbly;4.6
3;S5747;A;Dense;8.9
3;S5747;A;Elastic;9.1
3;S5747;A;Fat;5.6
3;S5747;A;Fruity;3.7
3;S5747;A;Hard;6.9
3;S5747;A;Intense;5.0
3;S5747;A;Milky;6.3
3;S5747;A;Salted;5.9
3;S5747;A;Smooth;4.2
3;S5747;A;Sticky;5.4
1;S5748;A;Butter;8.5
1;S5748;A;Crumbly;7.2
1;S5748;A;Dense;8.7
1;S5748;A;Elastic;1.9
1;S5748;A;Fat;4.6
1;S5748;A;Fruity;5.9
1;S5748;A;Hard;6.0
1;S5748;A;Intense;7.1
1;S5748;A;Milky;8.3
1;S5748;A;Salted;8.4
1;S5748;A;Smooth;0.5
1;S5748;A;Sticky;7.3
2;S5748;A;Butter;5.8
2;S5748;A;Crumbly;5.7
2;S5748;A;Dense;6.6
2;S5748;A;Elastic;7.2
2;S5748;A;Fat;5.9
2;S5748;A;Fruity;2.8
2;S5748;A;Hard;4.6
2;S5748;A;Intense;6.8
2;S5748;A;Milky;3.8
2;S5748;A;Salted;5.7
2;S5748;A;Smooth;2.7
2;S5748;A;Sticky;1.6
3;S5748;A;Butter;6.1
3;S5748;A;Crumbly;7.8
3;S5748;A;Dense;7.4
3;S5748;A;Elastic;9.2
3;S5748;A;Fat;2.2
3;S5748;A;Fruity;4.3
3;S5748;A;Hard;8.9
3;S5748;A;Intense;1.0
3;S5748;A;Milky;6.1
3;S5748;A;Salted;2.5
3;S5748;A;Smooth;0.9
3;S5748;A;Sticky;3.9
1;S5733;B;Butter;2.2
1;S5733;B;Crumbly;9.9
1;S5733;B;Dense;9.7
1;S5733;B;Elastic;7.7
1;S5733;B;Fat;4.1
1;S5733;B;Fruity;1.2
1;S5733;B;Hard;7.7
1;S5733;B;Intense;1.6
1;S5733;B;Milky;4.4
1;S5733;B;Salted;0.9
1;S5733;B;Smooth;0.2
1;S5733;B;Sticky;1.4
2;S5733;B;Butter;0.8
2;S5733;B;Crumbly;9.9
2;S5733;B;Dense;9.9
2;S5733;B;Elastic;10.0
2;S5733;B;Fat;1.9
2;S5733;B;Fruity;0.4
2;S5733;B;Hard;9.5
2;S5733;B;Intense;0.9
2;S5733;B;Milky;2.0
2;S5733;B;Salted;1.0
2;S5733;B;Smooth;0.7
2;S5733;B;Sticky;5.8
3;S5733;B;Butter;1.2
3;S5733;B;Crumbly;9.9
3;S5733;B;Dense;9.2
3;S5733;B;Elastic;8.7
3;S5733;B;Fat;1.8
3;S5733;B;Fruity;0.7
3;S5733;B;Hard;9.0
3;S5733;B;Intense;0.7
3;S5733;B;Milky;1.5
3;S5733;B;Salted;0.8
3;S5733;B;Smooth;0.8
3;S5733;B;Sticky;1.4
1;S5734;B;Butter;6.6
1;S5734;B;Crumbly;9.3
1;S5734;B;Dense;8.8
1;S5734;B;Elastic;6.9
1;S5734;B;Fat;3.6
1;S5734;B;Fruity;3.1
1;S5734;B;Hard;7.8
1;S5734;B;Intense;5.4
1;S5734;B;Milky;5.8
1;S5734;B;Salted;4.6
1;S5734;B;Smooth;4.3
1;S5734;B;Sticky;2.9
2;S5734;B;Butter;1.5
2;S5734;B;Crumbly;9.6
2;S5734;B;Dense;9.6
2;S5734;B;Elastic;7.3
2;S5734;B;Fat;5.1
2;S5734;B;Fruity;3.8
2;S5734;B;Hard;8.3
2;S5734;B;Intense;3.8
2;S5734;B;Milky;2.5
2;S5734;B;Salted;2.9
2;S5734;B;Smooth;3.8
2;S5734;B;Sticky;2.6
3;S5734;B;Butter;4.5
3;S5734;B;Crumbly;8.4
3;S5734;B;Dense;8.9
3;S5734;B;Elastic;9.1
3;S5734;B;Fat;3.2
3;S5734;B;Fruity;0.6
3;S5734;B;Hard;8.3
3;S5734;B;Intense;3.2
3;S5734;B;Milky;2.7
3;S5734;B;Salted;1.0
3;S5734;B;Smooth;6.5
3;S5734;B;Sticky;3.1
1;S5735;B;Butter;0.9
1;S5735;B;Crumbly;9.9
1;S5735;B;Dense;8.8
1;S5735;B;Elastic;9.2
1;S5735;B;Fat;0.5
1;S5735;B;Fruity;2.7
1;S5735;B;Hard;6.1
1;S5735;B;Intense;0.8
1;S5735;B;Milky;1.4
1;S5735;B;Salted;2.7
1;S5735;B;Smooth;0.1
1;S5735;B;Sticky;8.2
2;S5735;B;Butter;1.5
2;S5735;B;Crumbly;9.6
2;S5735;B;Dense;8.7
2;S5735;B;Elastic;8.8
2;S5735;B;Fat;0.8
2;S5735;B;Fruity;4.3
2;S5735;B;Hard;5.6
2;S5735;B;Intense;3.5
2;S5735;B;Milky;3.8
2;S5735;B;Salted;2.5
2;S5735;B;Smooth;0.8
2;S5735;B;Sticky;4.9
3;S5735;B;Butter;0.4
3;S5735;B;Crumbly;9.7
3;S5735;B;Dense;9.7
3;S5735;B;Elastic;9.5
3;S5735;B;Fat;0.3
3;S5735;B;Fruity;1.4
3;S5735;B;Hard;9.6
3;S5735;B;Intense;0.7
3;S5735;B;Milky;0.5
3;S5735;B;Salted;1.7
3;S5735;B;Smooth;0.1
3;S5735;B;Sticky;6.8
1;S5736;B;Butter;5.0
1;S5736;B;Crumbly;8.15
1;S5736;B;Dense;7.6
1;S5736;B;Elastic;7.6
1;S5736;B;Fat;7.25
1;S5736;B;Fruity;1.1
1;S5736;B;Hard;5.0
1;S5736;B;Intense;1.6
1;S5736;B;Milky;3.7
1;S5736;B;Salted;0.4
1;S5736;B;Smooth;4.8
1;S5736;B;Sticky;6.65
2;S5736;B;Butter;3.7
2;S5736;B;Crumbly;8.0
2;S5736;B;Dense;7.7
2;S5736;B;Elastic;7.6
2;S5736;B;Fat;7.0
2;S5736;B;Fruity;1.1
2;S5736;B;Hard;6.1
2;S5736;B;Intense;2.1
2;S5736;B;Milky;3.2
2;S5736;B;Salted;0.4
2;S5736;B;Smooth;5.1
2;S5736;B;Sticky;6.4
3;S5736;B;Butter;6.3
3;S5736;B;Crumbly;8.3
3;S5736;B;Dense;7.5
3;S5736;B;Elastic;7.6
3;S5736;B;Fat;7.5
3;S5736;B;Fruity;1.1
3;S5736;B;Hard;3.9
3;S5736;B;Intense;1.1
3;S5736;B;Milky;4.2
3;S5736;B;Salted;0.4
3;S5736;B;Smooth;4.5
3;S5736;B;Sticky;6.9
1;S5737;B;Butter;1.3
1;S5737;B;Crumbly;9.0
1;S5737;B;Dense;9.5
1;S5737;B;Elastic;9.7
1;S5737;B;Fat;0.9
1;S5737;B;Fruity;4.9
1;S5737;B;Hard;8.0
1;S5737;B;Intense;3.3
1;S5737;B;Milky;7.4
1;S5737;B;Salted;1.5
1;S5737;B;Smooth;0.1
1;S5737;B;Sticky;0.2
2;S5737;B;Butter;0.2
2;S5737;B;Crumbly;8.7
2;S5737;B;Dense;8.5
2;S5737;B;Elastic;9.6
2;S5737;B;Fat;0.6
2;S5737;B;Fruity;0.3
2;S5737;B;Hard;8.4
2;S5737;B;Intense;0.3
2;S5737;B;Milky;1.3
2;S5737;B;Salted;1.4
2;S5737;B;Smooth;0.6
2;S5737;B;Sticky;0.4
3;S5737;B;Butter;0.4
3;S5737;B;Crumbly;8.9
3;S5737;B;Dense;8.5
3;S5737;B;Elastic;8.3
3;S5737;B;Fat;5.7
3;S5737;B;Fruity;0.5
3;S5737;B;Hard;7.8
3;S5737;B;Intense;0.4
3;S5737;B;Milky;1.3
3;S5737;B;Salted;2.1
3;S5737;B;Smooth;0.4
3;S5737;B;Sticky;1.3
1;S5738;B;Butter;1.3
1;S5738;B;Crumbly;9.2
1;S5738;B;Dense;6.7
1;S5738;B;Elastic;7.4
1;S5738;B;Fat;4.0
1;S5738;B;Fruity;0.4
1;S5738;B;Hard;5.7
1;S5738;B;Intense;2.2
1;S5738;B;Milky;0.6
1;S5738;B;Salted;3.7
1;S5738;B;Smooth;0.3
1;S5738;B;Sticky;5.6
2;S5738;B;Butter;0.8
2;S5738;B;Crumbly;9.9
2;S5738;B;Dense;9.3
2;S5738;B;Elastic;8.5
2;S5738;B;Fat;4.0
2;S5738;B;Fruity;1.7
2;S5738;B;Hard;6.4
2;S5738;B;Intense;3.5
2;S5738;B;Milky;0.8
2;S5738;B;Salted;3.6
2;S5738;B;Smooth;0.4
2;S5738;B;Sticky;1.3
3;S5738;B;Butter;1.3
3;S5738;B;Crumbly;9.1
3;S5738;B;Dense;6.3
3;S5738;B;Elastic;7.9
3;S5738;B;Fat;4.6
3;S5738;B;Fruity;1.9
3;S5738;B;Hard;8.1
3;S5738;B;Intense;2.7
3;S5738;B;Milky;1.7
3;S5738;B;Salted;1.8
3;S5738;B;Smooth;0.2
3;S5738;B;Sticky;3.8
1;S5739;B;Butter;0.0
1;S5739;B;Crumbly;5.7
1;S5739;B;Dense;8.1
1;S5739;B;Elastic;10.0
1;S5739;B;Fat;0.1
1;S5739;B;Fruity;0.0
1;S5739;B;Hard;6.9
1;S5739;B;Intense;0.8
1;S5739;B;Milky;0.8
1;S5739;B;Salted;0.0
1;S5739;B;Smooth;0.0
1;S5739;B;Sticky;0.0
2;S5739;B;Butter;0.0
2;S5739;B;Crumbly;3.0
2;S5739;B;Dense;10.0
2;S5739;B;Elastic;10.0
2;S5739;B;Fat;0.0
2;S5739;B;Fruity;0.0
2;S5739;B;Hard;10.0
2;S5739;B;Intense;0.0
2;S5739;B;Milky;0.5
2;S5739;B;Salted;0.0
2;S5739;B;Smooth;0.0
2;S5739;B;Sticky;0.0
3;S5739;B;Butter;0.0
3;S5739;B;Crumbly;1.9
3;S5739;B;Dense;8.1
3;S5739;B;Elastic;10.0
3;S5739;B;Fat;0.0
3;S5739;B;Fruity;0.1
3;S5739;B;Hard;8.1
3;S5739;B;Intense;0.0
3;S5739;B;Milky;0.0
3;S5739;B;Salted;0.0
3;S5739;B;Smooth;0.0
3;S5739;B;Sticky;0.0
1;S5740;B;Butter;0.2
1;S5740;B;Crumbly;8.3
1;S5740;B;Dense;5.9
1;S5740;B;Elastic;1.6
1;S5740;B;Fat;0.4
1;S5740;B;Fruity;0.1
1;S5740;B;Hard;2.9
1;S5740;B;Intense;0.3
1;S5740;B;Milky;1.3
1;S5740;B;Salted;0.8
1;S5740;B;Smooth;4.3
1;S5740;B;Sticky;1.0
2;S5740;B;Butter;0.9
2;S5740;B;Crumbly;8.1
2;S5740;B;Dense;6.8
2;S5740;B;Elastic;7.7
2;S5740;B;Fat;1.3
2;S5740;B;Fruity;0.3
2;S5740;B;Hard;3.8
2;S5740;B;Intense;0.2
2;S5740;B;Milky;0.9
2;S5740;B;Salted;0.7
2;S5740;B;Smooth;2.2
2;S5740;B;Sticky;0.6
3;S5740;B;Butter;0.7
3;S5740;B;Crumbly;7.5
3;S5740;B;Dense;5.4
3;S5740;B;Elastic;2.6
3;S5740;B;Fat;1.3
3;S5740;B;Fruity;0.1
3;S5740;B;Hard;3.5
3;S5740;B;Intense;0.3
3;S5740;B;Milky;1.5
3;S5740;B;Salted;0.6
3;S5740;B;Smooth;2.2
3;S5740;B;Sticky;0.7
1;S5741;B;Butter;0.4
1;S5741;B;Crumbly;9.8
1;S5741;B;Dense;8.6
1;S5741;B;Elastic;5.1
1;S5741;B;Fat;1.5
1;S5741;B;Fruity;0.0
1;S5741;B;Hard;6.2
1;S5741;B;Intense;0.4
1;S5741;B;Milky;0.6
1;S5741;B;Salted;0.0
1;S5741;B;Smooth;2.8
1;S5741;B;Sticky;1.3
2;S5741;B;Butter;0.9
2;S5741;B;Crumbly;7.8
2;S5741;B;Dense;8.6
2;S5741;B;Elastic;6.4
2;S5741;B;Fat;2.1
2;S5741;B;Fruity;0.1
2;S5741;B;Hard;3.6
2;S5741;B;Intense;0.5
2;S5741;B;Milky;1.5
2;S5741;B;Salted;0.5
2;S5741;B;Smooth;4.5
2;S5741;B;Sticky;2.0
3;S5741;B;Butter;0.4
3;S5741;B;Crumbly;9.2
3;S5741;B;Dense;8.4
3;S5741;B;Elastic;6.2
3;S5741;B;Fat;3.0
3;S5741;B;Fruity;0.1
3;S5741;B;Hard;5.0
3;S5741;B;Intense;1.0
3;S5741;B;Milky;1.9
3;S5741;B;Salted;1.0
3;S5741;B;Smooth;3.0
3;S5741;B;Sticky;2.5
1;S5742;B;Butter;0.4
1;S5742;B;Crumbly;9.9
1;S5742;B;Dense;9.6
1;S5742;B;Elastic;8.1
1;S5742;B;Fat;0.1
1;S5742;B;Fruity;0.0
1;S5742;B;Hard;8.8
1;S5742;B;Intense;0.9
1;S5742;B;Milky;0.7
1;S5742;B;Salted;0.0
1;S5742;B;Smooth;0.1
1;S5742;B;Sticky;2.1
2;S5742;B;Butter;0.4
2;S5742;B;Crumbly;9.3
2;S5742;B;Dense;9.2
2;S5742;B;Elastic;3.4
2;S5742;B;Fat;0.4
2;S5742;B;Fruity;1.0
2;S5742;B;Hard;7.5
2;S5742;B;Intense;3.1
2;S5742;B;Milky;1.1
2;S5742;B;Salted;0.0
2;S5742;B;Smooth;0.6
2;S5742;B;Sticky;2.0
3;S5742;B;Butter;0.4
3;S5742;B;Crumbly;9.6
3;S5742;B;Dense;9.4
3;S5742;B;Elastic;5.8
3;S5742;B;Fat;0.3
3;S5742;B;Fruity;0.5
3;S5742;B;Hard;8.2
3;S5742;B;Intense;2.0
3;S5742;B;Milky;0.9
3;S5742;B;Salted;0.0
3;S5742;B;Smooth;0.4
3;S5742;B;Sticky;2.1
1;S5743;B;Butter;1.5
1;S5743;B;Crumbly;7.1
1;S5743;B;Dense;1.2
1;S5743;B;Elastic;1.6
1;S5743;B;Fat;1.8
1;S5743;B;Fruity;1.6
1;S5743;B;Hard;5.8
1;S5743;B;Intense;1.5
1;S5743;B;Milky;1.7
1;S5743;B;Salted;1.7
1;S5743;B;Smooth;2.1
1;S5743;B;Sticky;1.3
2;S5743;B;Butter;1.6
2;S5743;B;Crumbly;3.7
2;S5743;B;Dense;1.8
2;S5743;B;Elastic;2.1
2;S5743;B;Fat;1.4
2;S5743;B;Fruity;1.9
2;S5743;B;Hard;1.0
2;S5743;B;Intense;1.7
2;S5743;B;Milky;2.0
2;S5743;B;Salted;1.6
2;S5743;B;Smooth;2.4
2;S5743;B;Sticky;0.9
3;S5743;B;Butter;2.0
3;S5743;B;Crumbly;4.3
3;S5743;B;Dense;1.5
3;S5743;B;Elastic;5.0
3;S5743;B;Fat;3.4
3;S5743;B;Fruity;2.6
3;S5743;B;Hard;5.0
3;S5743;B;Intense;2.8
3;S5743;B;Milky;2.5
3;S5743;B;Salted;1.7
3;S5743;B;Smooth;3.6
3;S5743;B;Sticky;2.0
1;S5744;B;Butter;5.7
1;S5744;B;Crumbly;8.1
1;S5744;B;Dense;8.2
1;S5744;B;Elastic;7.6
1;S5744;B;Fat;6.3
1;S5744;B;Fruity;0.9
1;S5744;B;Hard;8.4
1;S5744;B;Intense;3.3
1;S5744;B;Milky;3.3
1;S5744;B;Salted;1.7
1;S5744;B;Smooth;2.0
1;S5744;B;Sticky;1.6
2;S5744;B;Butter;1.6
2;S5744;B;Crumbly;7.4
2;S5744;B;Dense;7.7
2;S5744;B;Elastic;7.7
2;S5744;B;Fat;1.2
2;S5744;B;Fruity;1.5
2;S5744;B;Hard;7.5
2;S5744;B;Intense;1.6
2;S5744;B;Milky;0.9
2;S5744;B;Salted;1.7
2;S5744;B;Smooth;2.1
2;S5744;B;Sticky;1.6
3;S5744;B;Butter;5.4
3;S5744;B;Crumbly;8.6
3;S5744;B;Dense;8.9
3;S5744;B;Elastic;8.5
3;S5744;B;Fat;7.0
3;S5744;B;Fruity;0.0
3;S5744;B;Hard;8.7
3;S5744;B;Intense;1.6
3;S5744;B;Milky;3.4
3;S5744;B;Salted;1.7
3;S5744;B;Smooth;2.2
3;S5744;B;Sticky;1.1
1;S5745;B;Butter;4.9
1;S5745;B;Crumbly;8.0
1;S5745;B;Dense;8.0
1;S5745;B;Elastic;7.7
1;S5745;B;Fat;5.9
1;S5745;B;Fruity;8.0
1;S5745;B;Hard;7.5
1;S5745;B;Intense;2.6
1;S5745;B;Milky;7.9
1;S5745;B;Salted;2.7
1;S5745;B;Smooth;1.1
1;S5745;B;Sticky;2.8
2;S5745;B;Butter;4.3
2;S5745;B;Crumbly;8.7
2;S5745;B;Dense;7.6
2;S5745;B;Elastic;7.9
2;S5745;B;Fat;3.0
2;S5745;B;Fruity;7.8
2;S5745;B;Hard;6.9
2;S5745;B;Intense;5.0
2;S5745;B;Milky;7.8
2;S5745;B;Salted;1.7
2;S5745;B;Smooth;2.0
2;S5745;B;Sticky;7.4
3;S5745;B;Butter;2.7
3;S5745;B;Crumbly;8.3
3;S5745;B;Dense;7.7
3;S5745;B;Elastic;7.7
3;S5745;B;Fat;2.1
3;S5745;B;Fruity;2.5
3;S5745;B;Hard;7.1
3;S5745;B;Intense;2.3
3;S5745;B;Milky;6.7
3;S5745;B;Salted;1.6
3;S5745;B;Smooth;2.1
3;S5745;B;Sticky;7.2
1;S5746;B;Butter;2.7
1;S5746;B;Crumbly;8.0
1;S5746;B;Dense;6.6
1;S5746;B;Elastic;3.5
1;S5746;B;Fat;3.0
1;S5746;B;Fruity;2.2
1;S5746;B;Hard;6.2
1;S5746;B;Intense;1.9
1;S5746;B;Milky;7.2
1;S5746;B;Salted;1.7
1;S5746;B;Smooth;6.6
1;S5746;B;Sticky;2.8
2;S5746;B;Butter;3.2
2;S5746;B;Crumbly;9.1
2;S5746;B;Dense;8.6
2;S5746;B;Elastic;7.6
2;S5746;B;Fat;3.5
2;S5746;B;Fruity;1.7
2;S5746;B;Hard;6.1
2;S5746;B;Intense;0.9
2;S5746;B;Milky;7.0
2;S5746;B;Salted;0.1
2;S5746;B;Smooth;3.0
2;S5746;B;Sticky;3.1
3;S5746;B;Butter;7.4
3;S5746;B;Crumbly;9.0
3;S5746;B;Dense;8.5
3;S5746;B;Elastic;2.0
3;S5746;B;Fat;2.9
3;S5746;B;Fruity;3.6
3;S5746;B;Hard;8.0
3;S5746;B;Intense;3.5
3;S5746;B;Milky;6.7
3;S5746;B;Salted;1.7
3;S5746;B;Smooth;1.5
3;S5746;B;Sticky;1.5
1;S5747;B;Butter;5.6
1;S5747;B;Crumbly;5.2
1;S5747;B;Dense;6.5
1;S5747;B;Elastic;4.8
1;S5747;B;Fat;4.3
1;S5747;B;Fruity;1.4
1;S5747;B;Hard;5.1
1;S5747;B;Intense;2.3
1;S5747;B;Milky;5.0
1;S5747;B;Salted;4.1
1;S5747;B;Smooth;5.2
1;S5747;B;Sticky;5.0
2;S5747;B;Butter;4.3
2;S5747;B;Crumbly;5.2
2;S5747;B;Dense;8.8
2;S5747;B;Elastic;9.6
2;S5747;B;Fat;4.2
2;S5747;B;Fruity;0.7
2;S5747;B;Hard;8.3
2;S5747;B;Intense;2.3
2;S5747;B;Milky;3.7
2;S5747;B;Salted;3.3
2;S5747;B;Smooth;4.4
2;S5747;B;Sticky;5.4
3;S5747;B;Butter;4.7
3;S5747;B;Crumbly;6.1
3;S5747;B;Dense;9.1
3;S5747;B;Elastic;9.1
3;S5747;B;Fat;5.1
3;S5747;B;Fruity;1.0
3;S5747;B;Hard;6.7
3;S5747;B;Intense;2.8
3;S5747;B;Milky;4.4
3;S5747;B;Salted;4.6
3;S5747;B;Smooth;4.6
3;S5747;B;Sticky;4.7
1;S5748;B;Butter;1.7
1;S5748;B;Crumbly;8.9
1;S5748;B;Dense;7.4
1;S5748;B;Elastic;6.8
1;S5748;B;Fat;0.7
1;S5748;B;Fruity;0.5
1;S5748;B;Hard;5.6
1;S5748;B;Intense;0.5
1;S5748;B;Milky;0.2
1;S5748;B;Salted;0.8
1;S5748;B;Smooth;3.9
1;S5748;B;Sticky;3.6
2;S5748;B;Butter;2.5
2;S5748;B;Crumbly;9.1
2;S5748;B;Dense;9.5
2;S5748;B;Elastic;9.8
2;S5748;B;Fat;0.5
2;S5748;B;Fruity;0.7
2;S5748;B;Hard;9.9
2;S5748;B;Intense;2.5
2;S5748;B;Milky;5.4
2;S5748;B;Salted;0.8
2;S5748;B;Smooth;0.4
2;S5748;B;Sticky;5.8
3;S5748;B;Butter;0.5
3;S5748;B;Crumbly;9.7
3;S5748;B;Dense;9.8
3;S5748;B;Elastic;10.0
3;S5748;B;Fat;3.3
3;S5748;B;Fruity;0.2
3;S5748;B;Hard;9.1
3;S5748;B;Intense;0.6
3;S5748;B;Milky;1.0
3;S5748;B;Salted;0.0
3;S5748;B;Smooth;0.1
3;S5748;B;Sticky;0.4
1;S5733;C;Butter;3.1
1;S5733;C;Crumbly;6.3
1;S5733;C;Dense;5.8
1;S5733;C;Elastic;4.8
1;S5733;C;Fat;7.0
1;S5733;C;Fruity;5.0
1;S5733;C;Hard;4.0
1;S5733;C;Intense;3.9
1;S5733;C;Milky;4.7
1;S5733;C;Salted;7.5
1;S5733;C;Smooth;5.1
1;S5733;C;Sticky;4.3
2;S5733;C;Butter;2.8
2;S5733;C;Crumbly;2.8
2;S5733;C;Dense;4.5
2;S5733;C;Elastic;4.8
2;S5733;C;Fat;6.6
2;S5733;C;Fruity;4.0
2;S5733;C;Hard;3.1
2;S5733;C;Intense;3.8
2;S5733;C;Milky;3.9
2;S5733;C;Salted;4.2
2;S5733;C;Smooth;4.8
2;S5733;C;Sticky;8.3
3;S5733;C;Butter;2.1
3;S5733;C;Crumbly;3.0
3;S5733;C;Dense;4.2
3;S5733;C;Elastic;3.1
3;S5733;C;Fat;4.8
3;S5733;C;Fruity;3.9
3;S5733;C;Hard;2.4
3;S5733;C;Intense;4.2
3;S5733;C;Milky;4.2
3;S5733;C;Salted;8.4
3;S5733;C;Smooth;6.4
3;S5733;C;Sticky;7.2
1;S5734;C;Butter;6.5
1;S5734;C;Crumbly;6.9
1;S5734;C;Dense;6.7
1;S5734;C;Elastic;3.6
1;S5734;C;Fat;7.2
1;S5734;C;Fruity;2.0
1;S5734;C;Hard;6.4
1;S5734;C;Intense;7.0
1;S5734;C;Milky;7.2
1;S5734;C;Salted;9.8
1;S5734;C;Smooth;6.6
1;S5734;C;Sticky;3.3
2;S5734;C;Butter;1.9
2;S5734;C;Crumbly;4.9
2;S5734;C;Dense;8.8
2;S5734;C;Elastic;3.8
2;S5734;C;Fat;5.1
2;S5734;C;Fruity;6.1
2;S5734;C;Hard;5.4
2;S5734;C;Intense;7.2
2;S5734;C;Milky;3.1
2;S5734;C;Salted;5.7
2;S5734;C;Smooth;3.8
2;S5734;C;Sticky;3.3
3;S5734;C;Butter;6.4
3;S5734;C;Crumbly;5.8
3;S5734;C;Dense;6.1
3;S5734;C;Elastic;4.2
3;S5734;C;Fat;3.8
3;S5734;C;Fruity;3.8
3;S5734;C;Hard;5.9
3;S5734;C;Intense;5.5
3;S5734;C;Milky;7.9
3;S5734;C;Salted;8.0
3;S5734;C;Smooth;4.1
3;S5734;C;Sticky;5.3
1;S5735;C;Butter;7.8
1;S5735;C;Crumbly;3.7
1;S5735;C;Dense;4.4
1;S5735;C;Elastic;2.8
1;S5735;C;Fat;6.0
1;S5735;C;Fruity;3.4
1;S5735;C;Hard;4.8
1;S5735;C;Intense;8.8
1;S5735;C;Milky;8.5
1;S5735;C;Salted;10.0
1;S5735;C;Smooth;6.9
1;S5735;C;Sticky;5.2
2;S5735;C;Butter;8.0
2;S5735;C;Crumbly;1.5
2;S5735;C;Dense;3.9
2;S5735;C;Elastic;3.8
2;S5735;C;Fat;5.7
2;S5735;C;Fruity;3.7
2;S5735;C;Hard;1.4
2;S5735;C;Intense;9.5
2;S5735;C;Milky;6.7
2;S5735;C;Salted;9.6
2;S5735;C;Smooth;7.6
2;S5735;C;Sticky;4.6
3;S5735;C;Butter;7.8
3;S5735;C;Crumbly;2.1
3;S5735;C;Dense;2.1
3;S5735;C;Elastic;1.7
3;S5735;C;Fat;6.3
3;S5735;C;Fruity;4.6
3;S5735;C;Hard;0.7
3;S5735;C;Intense;6.5
3;S5735;C;Milky;7.4
3;S5735;C;Salted;9.6
3;S5735;C;Smooth;7.7
3;S5735;C;Sticky;0.7
1;S5736;C;Butter;6.95
1;S5736;C;Crumbly;4.75
1;S5736;C;Dense;7.1
1;S5736;C;Elastic;4.8
1;S5736;C;Fat;7.2
1;S5736;C;Fruity;2.5
1;S5736;C;Hard;2.95
1;S5736;C;Intense;3.3
1;S5736;C;Milky;4.2
1;S5736;C;Salted;7.7
1;S5736;C;Smooth;6.75
1;S5736;C;Sticky;7.3
2;S5736;C;Butter;7.2
2;S5736;C;Crumbly;5.5
2;S5736;C;Dense;6.9
2;S5736;C;Elastic;5.9
2;S5736;C;Fat;7.0
2;S5736;C;Fruity;2.4
2;S5736;C;Hard;4.3
2;S5736;C;Intense;3.9
2;S5736;C;Milky;4.6
2;S5736;C;Salted;7.3
2;S5736;C;Smooth;6.0
2;S5736;C;Sticky;7.3
3;S5736;C;Butter;6.7
3;S5736;C;Crumbly;4.0
3;S5736;C;Dense;7.3
3;S5736;C;Elastic;3.7
3;S5736;C;Fat;7.4
3;S5736;C;Fruity;2.6
3;S5736;C;Hard;1.6
3;S5736;C;Intense;2.7
3;S5736;C;Milky;3.8
3;S5736;C;Salted;8.1
3;S5736;C;Smooth;7.5
3;S5736;C;Sticky;7.3
1;S5737;C;Butter;6.2
1;S5737;C;Crumbly;3.0
1;S5737;C;Dense;4.2
1;S5737;C;Elastic;5.7
1;S5737;C;Fat;2.2
1;S5737;C;Fruity;4.0
1;S5737;C;Hard;4.8
1;S5737;C;Intense;2.3
1;S5737;C;Milky;2.8
1;S5737;C;Salted;7.8
1;S5737;C;Smooth;1.5
1;S5737;C;Sticky;0.4
2;S5737;C;Butter;6.5
2;S5737;C;Crumbly;3.6
2;S5737;C;Dense;5.7
2;S5737;C;Elastic;3.8
2;S5737;C;Fat;2.5
2;S5737;C;Fruity;3.0
2;S5737;C;Hard;5.2
2;S5737;C;Intense;5.6
2;S5737;C;Milky;5.2
2;S5737;C;Salted;9.3
2;S5737;C;Smooth;3.5
2;S5737;C;Sticky;2.6
3;S5737;C;Butter;7.1
3;S5737;C;Crumbly;4.8
3;S5737;C;Dense;6.2
3;S5737;C;Elastic;6.0
3;S5737;C;Fat;6.9
3;S5737;C;Fruity;3.4
3;S5737;C;Hard;5.4
3;S5737;C;Intense;3.6
3;S5737;C;Milky;5.8
3;S5737;C;Salted;8.0
3;S5737;C;Smooth;2.7
3;S5737;C;Sticky;1.4
1;S5738;C;Butter;2.5
1;S5738;C;Crumbly;7.2
1;S5738;C;Dense;2.5
1;S5738;C;Elastic;6.0
1;S5738;C;Fat;7.7
1;S5738;C;Fruity;3.1
1;S5738;C;Hard;3.3
1;S5738;C;Intense;5.3
1;S5738;C;Milky;1.5
1;S5738;C;Salted;9.6
1;S5738;C;Smooth;1.9
1;S5738;C;Sticky;8.6
2;S5738;C;Butter;2.9
2;S5738;C;Crumbly;5.7
2;S5738;C;Dense;3.7
2;S5738;C;Elastic;6.4
2;S5738;C;Fat;6.6
2;S5738;C;Fruity;1.4
2;S5738;C;Hard;4.5
2;S5738;C;Intense;6.0
2;S5738;C;Milky;1.9
2;S5738;C;Salted;4.8
2;S5738;C;Smooth;2.8
2;S5738;C;Sticky;4.2
3;S5738;C;Butter;3.2
3;S5738;C;Crumbly;5.8
3;S5738;C;Dense;1.2
3;S5738;C;Elastic;5.6
3;S5738;C;Fat;7.7
3;S5738;C;Fruity;3.2
3;S5738;C;Hard;3.7
3;S5738;C;Intense;5.8
3;S5738;C;Milky;1.2
3;S5738;C;Salted;5.9
3;S5738;C;Smooth;1.9
3;S5738;C;Sticky;5.7
1;S5739;C;Butter;1.5
1;S5739;C;Crumbly;1.1
1;S5739;C;Dense;3.1
1;S5739;C;Elastic;3.2
1;S5739;C;Fat;1.0
1;S5739;C;Fruity;0.1
1;S5739;C;Hard;3.2
1;S5739;C;Intense;1.5
1;S5739;C;Milky;0.7
1;S5739;C;Salted;1.7
1;S5739;C;Smooth;0.0
1;S5739;C;Sticky;0.1
2;S5739;C;Butter;1.2
2;S5739;C;Crumbly;1.3
2;S5739;C;Dense;3.6
2;S5739;C;Elastic;3.5
2;S5739;C;Fat;0.0
2;S5739;C;Fruity;0.0
2;S5739;C;Hard;3.5
2;S5739;C;Intense;1.6
2;S5739;C;Milky;1.1
2;S5739;C;Salted;1.7
2;S5739;C;Smooth;0.0
2;S5739;C;Sticky;0.0
3;S5739;C;Butter;0.0
3;S5739;C;Crumbly;1.5
3;S5739;C;Dense;2.2
3;S5739;C;Elastic;2.2
3;S5739;C;Fat;0.0
3;S5739;C;Fruity;0.0
3;S5739;C;Hard;2.2
3;S5739;C;Intense;1.4
3;S5739;C;Milky;1.5
3;S5739;C;Salted;1.0
3;S5739;C;Smooth;0.0
3;S5739;C;Sticky;0.0
1;S5740;C;Butter;1.2
1;S5740;C;Crumbly;6.9
1;S5740;C;Dense;4.3
1;S5740;C;Elastic;1.2
1;S5740;C;Fat;1.4
1;S5740;C;Fruity;0.7
1;S5740;C;Hard;1.9
1;S5740;C;Intense;3.3
1;S5740;C;Milky;2.1
1;S5740;C;Salted;4.5
1;S5740;C;Smooth;2.7
1;S5740;C;Sticky;0.4
2;S5740;C;Butter;0.9
2;S5740;C;Crumbly;4.5
2;S5740;C;Dense;2.7
2;S5740;C;Elastic;1.5
2;S5740;C;Fat;2.1
2;S5740;C;Fruity;0.2
2;S5740;C;Hard;1.2
2;S5740;C;Intense;2.4
2;S5740;C;Milky;3.5
2;S5740;C;Salted;4.5
2;S5740;C;Smooth;3.0
2;S5740;C;Sticky;0.3
3;S5740;C;Butter;3.1
3;S5740;C;Crumbly;1.9
3;S5740;C;Dense;3.2
3;S5740;C;Elastic;2.3
3;S5740;C;Fat;4.2
3;S5740;C;Fruity;0.4
3;S5740;C;Hard;1.2
3;S5740;C;Intense;2.0
3;S5740;C;Milky;2.7
3;S5740;C;Salted;5.1
3;S5740;C;Smooth;3.7
3;S5740;C;Sticky;0.4
1;S5741;C;Butter;2.4
1;S5741;C;Crumbly;7.4
1;S5741;C;Dense;5.4
1;S5741;C;Elastic;6.1
1;S5741;C;Fat;7.4
1;S5741;C;Fruity;2.2
1;S5741;C;Hard;2.5
1;S5741;C;Intense;2.6
1;S5741;C;Milky;1.0
1;S5741;C;Salted;2.1
1;S5741;C;Smooth;5.1
1;S5741;C;Sticky;3.1
2;S5741;C;Butter;1.0
2;S5741;C;Crumbly;7.2
2;S5741;C;Dense;6.3
2;S5741;C;Elastic;5.5
2;S5741;C;Fat;5.1
2;S5741;C;Fruity;2.3
2;S5741;C;Hard;1.9
2;S5741;C;Intense;2.1
2;S5741;C;Milky;2.7
2;S5741;C;Salted;1.5
2;S5741;C;Smooth;6.3
2;S5741;C;Sticky;2.1
3;S5741;C;Butter;1.5
3;S5741;C;Crumbly;7.9
3;S5741;C;Dense;7.3
3;S5741;C;Elastic;6.6
3;S5741;C;Fat;5.4
3;S5741;C;Fruity;2.6
3;S5741;C;Hard;2.2
3;S5741;C;Intense;2.2
3;S5741;C;Milky;1.5
3;S5741;C;Salted;1.8
3;S5741;C;Smooth;6.4
3;S5741;C;Sticky;4.1
1;S5742;C;Butter;2.3
1;S5742;C;Crumbly;6.3
1;S5742;C;Dense;4.9
1;S5742;C;Elastic;8.0
1;S5742;C;Fat;1.9
1;S5742;C;Fruity;6.3
1;S5742;C;Hard;3.4
1;S5742;C;Intense;8.1
1;S5742;C;Milky;2.6
1;S5742;C;Salted;5.7
1;S5742;C;Smooth;3.5
1;S5742;C;Sticky;3.9
2;S5742;C;Butter;1.9
2;S5742;C;Crumbly;7.2
2;S5742;C;Dense;4.7
2;S5742;C;Elastic;6.8
2;S5742;C;Fat;1.5
2;S5742;C;Fruity;6.8
2;S5742;C;Hard;2.9
2;S5742;C;Intense;7.8
2;S5742;C;Milky;4.0
2;S5742;C;Salted;5.7
2;S5742;C;Smooth;2.0
2;S5742;C;Sticky;6.2
3;S5742;C;Butter;2.1
3;S5742;C;Crumbly;6.8
3;S5742;C;Dense;4.8
3;S5742;C;Elastic;7.4
3;S5742;C;Fat;1.7
3;S5742;C;Fruity;6.6
3;S5742;C;Hard;3.2
3;S5742;C;Intense;8.0
3;S5742;C;Milky;3.3
3;S5742;C;Salted;5.7
3;S5742;C;Smooth;2.8
3;S5742;C;Sticky;5.1
1;S5743;C;Butter;1.9
1;S5743;C;Crumbly;3.1
1;S5743;C;Dense;1.6
1;S5743;C;Elastic;2.6
1;S5743;C;Fat;3.1
1;S5743;C;Fruity;1.5
1;S5743;C;Hard;2.5
1;S5743;C;Intense;3.1
1;S5743;C;Milky;2.4
1;S5743;C;Salted;3.4
1;S5743;C;Smooth;2.4
1;S5743;C;Sticky;2.8
2;S5743;C;Butter;2.2
2;S5743;C;Crumbly;4.0
2;S5743;C;Dense;1.8
2;S5743;C;Elastic;3.5
2;S5743;C;Fat;3.6
2;S5743;C;Fruity;3.7
2;S5743;C;Hard;3.2
2;S5743;C;Intense;3.5
2;S5743;C;Milky;3.8
2;S5743;C;Salted;5.6
2;S5743;C;Smooth;1.8
2;S5743;C;Sticky;0.9
3;S5743;C;Butter;3.4
3;S5743;C;Crumbly;5.2
3;S5743;C;Dense;6.2
3;S5743;C;Elastic;4.0
3;S5743;C;Fat;4.6
3;S5743;C;Fruity;3.1
3;S5743;C;Hard;3.5
3;S5743;C;Intense;3.3
3;S5743;C;Milky;2.6
3;S5743;C;Salted;3.3
3;S5743;C;Smooth;5.0
3;S5743;C;Sticky;5.8
1;S5744;C;Butter;3.6
1;S5744;C;Crumbly;2.6
1;S5744;C;Dense;2.5
1;S5744;C;Elastic;2.0
1;S5744;C;Fat;3.3
1;S5744;C;Fruity;0.5
1;S5744;C;Hard;2.4
1;S5744;C;Intense;5.3
1;S5744;C;Milky;2.5
1;S5744;C;Salted;5.7
1;S5744;C;Smooth;7.0
1;S5744;C;Sticky;7.4
2;S5744;C;Butter;4.1
2;S5744;C;Crumbly;1.3
2;S5744;C;Dense;1.1
2;S5744;C;Elastic;1.1
2;S5744;C;Fat;3.5
2;S5744;C;Fruity;0.0
2;S5744;C;Hard;1.0
2;S5744;C;Intense;3.9
2;S5744;C;Milky;3.0
2;S5744;C;Salted;5.7
2;S5744;C;Smooth;7.0
2;S5744;C;Sticky;6.7
3;S5744;C;Butter;1.9
3;S5744;C;Crumbly;3.9
3;S5744;C;Dense;4.5
3;S5744;C;Elastic;2.3
3;S5744;C;Fat;3.2
3;S5744;C;Fruity;1.5
3;S5744;C;Hard;4.5
3;S5744;C;Intense;3.0
3;S5744;C;Milky;2.7
3;S5744;C;Salted;3.3
3;S5744;C;Smooth;4.5
3;S5744;C;Sticky;5.7
1;S5745;C;Butter;4.2
1;S5745;C;Crumbly;8.0
1;S5745;C;Dense;6.8
1;S5745;C;Elastic;6.1
1;S5745;C;Fat;2.5
1;S5745;C;Fruity;6.0
1;S5745;C;Hard;3.9
1;S5745;C;Intense;6.2
1;S5745;C;Milky;6.0
1;S5745;C;Salted;1.5
1;S5745;C;Smooth;3.7
1;S5745;C;Sticky;3.3
2;S5745;C;Butter;7.8
2;S5745;C;Crumbly;7.6
2;S5745;C;Dense;7.4
2;S5745;C;Elastic;7.4
2;S5745;C;Fat;5.2
2;S5745;C;Fruity;7.9
2;S5745;C;Hard;5.0
2;S5745;C;Intense;7.0
2;S5745;C;Milky;8.0
2;S5745;C;Salted;2.8
2;S5745;C;Smooth;3.1
2;S5745;C;Sticky;7.5
3;S5745;C;Butter;5.8
3;S5745;C;Crumbly;8.5
3;S5745;C;Dense;7.3
3;S5745;C;Elastic;7.2
3;S5745;C;Fat;3.5
3;S5745;C;Fruity;7.8
3;S5745;C;Hard;6.6
3;S5745;C;Intense;6.9
3;S5745;C;Milky;7.0
3;S5745;C;Salted;8.3
3;S5745;C;Smooth;3.5
3;S5745;C;Sticky;7.4
1;S5746;C;Butter;8.0
1;S5746;C;Crumbly;5.7
1;S5746;C;Dense;2.2
1;S5746;C;Elastic;3.3
1;S5746;C;Fat;6.4
1;S5746;C;Fruity;6.0
1;S5746;C;Hard;1.9
1;S5746;C;Intense;7.7
1;S5746;C;Milky;8.1
1;S5746;C;Salted;7.8
1;S5746;C;Smooth;7.4
1;S5746;C;Sticky;6.9
2;S5746;C;Butter;8.0
2;S5746;C;Crumbly;7.5
2;S5746;C;Dense;2.1
2;S5746;C;Elastic;6.7
2;S5746;C;Fat;7.4
2;S5746;C;Fruity;5.8
2;S5746;C;Hard;2.8
2;S5746;C;Intense;7.8
2;S5746;C;Milky;7.5
2;S5746;C;Salted;7.9
2;S5746;C;Smooth;6.5
2;S5746;C;Sticky;7.6
3;S5746;C;Butter;9.2
3;S5746;C;Crumbly;7.8
3;S5746;C;Dense;0.6
3;S5746;C;Elastic;2.4
3;S5746;C;Fat;8.1
3;S5746;C;Fruity;5.5
3;S5746;C;Hard;1.1
3;S5746;C;Intense;7.1
3;S5746;C;Milky;7.4
3;S5746;C;Salted;9.7
3;S5746;C;Smooth;6.8
3;S5746;C;Sticky;8.9
1;S5747;C;Butter;5.1
1;S5747;C;Crumbly;5.7
1;S5747;C;Dense;6.3
1;S5747;C;Elastic;4.3
1;S5747;C;Fat;4.8
1;S5747;C;Fruity;3.0
1;S5747;C;Hard;4.4
1;S5747;C;Intense;5.4
1;S5747;C;Milky;3.7
1;S5747;C;Salted;5.0
1;S5747;C;Smooth;5.9
1;S5747;C;Sticky;4.9
2;S5747;C;Butter;6.5
2;S5747;C;Crumbly;5.9
2;S5747;C;Dense;7.1
2;S5747;C;Elastic;8.9
2;S5747;C;Fat;6.1
2;S5747;C;Fruity;2.2
2;S5747;C;Hard;5.4
2;S5747;C;Intense;5.0
2;S5747;C;Milky;6.3
2;S5747;C;Salted;5.4
2;S5747;C;Smooth;6.9
2;S5747;C;Sticky;5.3
3;S5747;C;Butter;6.7
3;S5747;C;Crumbly;4.6
3;S5747;C;Dense;8.6
3;S5747;C;Elastic;8.7
3;S5747;C;Fat;5.2
3;S5747;C;Fruity;2.6
3;S5747;C;Hard;6.3
3;S5747;C;Intense;4.7
3;S5747;C;Milky;5.7
3;S5747;C;Salted;5.6
3;S5747;C;Smooth;6.0
3;S5747;C;Sticky;5.8
1;S5748;C;Butter;3.8
1;S5748;C;Crumbly;5.3
1;S5748;C;Dense;5.4
1;S5748;C;Elastic;2.3
1;S5748;C;Fat;7.4
1;S5748;C;Fruity;2.5
1;S5748;C;Hard;5.8
1;S5748;C;Intense;3.8
1;S5748;C;Milky;5.3
1;S5748;C;Salted;5.6
1;S5748;C;Smooth;6.7
1;S5748;C;Sticky;4.1
2;S5748;C;Butter;8.5
2;S5748;C;Crumbly;5.1
2;S5748;C;Dense;1.5
2;S5748;C;Elastic;2.7
2;S5748;C;Fat;8.6
2;S5748;C;Fruity;6.6
2;S5748;C;Hard;4.6
2;S5748;C;Intense;8.1
2;S5748;C;Milky;7.5
2;S5748;C;Salted;9.6
2;S5748;C;Smooth;6.2
2;S5748;C;Sticky;3.5
3;S5748;C;Butter;6.7
3;S5748;C;Crumbly;1.2
3;S5748;C;Dense;5.1
3;S5748;C;Elastic;6.5
3;S5748;C;Fat;5.1
3;S5748;C;Fruity;3.6
3;S5748;C;Hard;3.3
3;S5748;C;Intense;4.2
3;S5748;C;Milky;3.2
3;S5748;C;Salted;0.5
3;S5748;C;Smooth;2.1
3;S5748;C;Sticky;2.1
1;S5733;D;Butter;1.2
1;S5733;D;Crumbly;7.1
1;S5733;D;Dense;8.8
1;S5733;D;Elastic;9.6
1;S5733;D;Fat;3.8
1;S5733;D;Fruity;1.1
1;S5733;D;Hard;8.8
1;S5733;D;Intense;1.3
1;S5733;D;Milky;3.2
1;S5733;D;Salted;1.3
1;S5733;D;Smooth;0.9
1;S5733;D;Sticky;7.6
2;S5733;D;Butter;3.4
2;S5733;D;Crumbly;9.0
2;S5733;D;Dense;8.1
2;S5733;D;Elastic;5.5
2;S5733;D;Fat;7.7
2;S5733;D;Fruity;3.2
2;S5733;D;Hard;7.0
2;S5733;D;Intense;3.4
2;S5733;D;Milky;4.4
2;S5733;D;Salted;1.7
2;S5733;D;Smooth;2.4
2;S5733;D;Sticky;2.5
3;S5733;D;Butter;3.2
3;S5733;D;Crumbly;6.8
3;S5733;D;Dense;6.6
3;S5733;D;Elastic;6.3
3;S5733;D;Fat;4.8
3;S5733;D;Fruity;2.5
3;S5733;D;Hard;7.3
3;S5733;D;Intense;3.8
3;S5733;D;Milky;5.5
3;S5733;D;Salted;3.3
3;S5733;D;Smooth;2.6
3;S5733;D;Sticky;7.7
1;S5734;D;Butter;2.0
1;S5734;D;Crumbly;7.4
1;S5734;D;Dense;8.5
1;S5734;D;Elastic;4.2
1;S5734;D;Fat;5.8
1;S5734;D;Fruity;5.2
1;S5734;D;Hard;6.7
1;S5734;D;Intense;6.5
1;S5734;D;Milky;3.2
1;S5734;D;Salted;3.3
1;S5734;D;Smooth;5.7
1;S5734;D;Sticky;2.2
2;S5734;D;Butter;3.7
2;S5734;D;Crumbly;9.1
2;S5734;D;Dense;7.7
2;S5734;D;Elastic;7.5
2;S5734;D;Fat;4.7
2;S5734;D;Fruity;1.7
2;S5734;D;Hard;6.5
2;S5734;D;Intense;3.3
2;S5734;D;Milky;6.7
2;S5734;D;Salted;1.7
2;S5734;D;Smooth;3.0
2;S5734;D;Sticky;1.8
3;S5734;D;Butter;3.2
3;S5734;D;Crumbly;8.9
3;S5734;D;Dense;6.8
3;S5734;D;Elastic;6.0
3;S5734;D;Fat;3.8
3;S5734;D;Fruity;6.4
3;S5734;D;Hard;7.8
3;S5734;D;Intense;6.4
3;S5734;D;Milky;4.8
3;S5734;D;Salted;2.4
3;S5734;D;Smooth;4.0
3;S5734;D;Sticky;2.1
1;S5735;D;Butter;1.2
1;S5735;D;Crumbly;6.0
1;S5735;D;Dense;6.2
1;S5735;D;Elastic;7.3
1;S5735;D;Fat;1.6
1;S5735;D;Fruity;4.1
1;S5735;D;Hard;3.5
1;S5735;D;Intense;2.6
1;S5735;D;Milky;1.7
1;S5735;D;Salted;2.6
1;S5735;D;Smooth;3.9
1;S5735;D;Sticky;3.2
2;S5735;D;Butter;1.2
2;S5735;D;Crumbly;6.4
2;S5735;D;Dense;7.0
2;S5735;D;Elastic;5.4
2;S5735;D;Fat;1.4
2;S5735;D;Fruity;2.0
2;S5735;D;Hard;3.8
2;S5735;D;Intense;2.0
2;S5735;D;Milky;4.8
2;S5735;D;Salted;2.0
2;S5735;D;Smooth;3.2
2;S5735;D;Sticky;7.2
3;S5735;D;Butter;3.6
3;S5735;D;Crumbly;6.4
3;S5735;D;Dense;7.6
3;S5735;D;Elastic;5.3
3;S5735;D;Fat;4.0
3;S5735;D;Fruity;0.7
3;S5735;D;Hard;4.3
3;S5735;D;Intense;3.1
3;S5735;D;Milky;6.6
3;S5735;D;Salted;3.6
3;S5735;D;Smooth;3.5
3;S5735;D;Sticky;9.1
1;S5736;D;Butter;4.5
1;S5736;D;Crumbly;7.95
1;S5736;D;Dense;7.85
1;S5736;D;Elastic;7.35
1;S5736;D;Fat;6.15
1;S5736;D;Fruity;0.7
1;S5736;D;Hard;4.95
1;S5736;D;Intense;0.55
1;S5736;D;Milky;2.05
1;S5736;D;Salted;0.4
1;S5736;D;Smooth;5.7
1;S5736;D;Sticky;5.25
2;S5736;D;Butter;5.3
2;S5736;D;Crumbly;8.1
2;S5736;D;Dense;8.2
2;S5736;D;Elastic;7.1
2;S5736;D;Fat;6.2
2;S5736;D;Fruity;0.7
2;S5736;D;Hard;3.2
2;S5736;D;Intense;0.8
2;S5736;D;Milky;1.9
2;S5736;D;Salted;0.5
2;S5736;D;Smooth;5.9
2;S5736;D;Sticky;3.0
3;S5736;D;Butter;3.7
3;S5736;D;Crumbly;7.8
3;S5736;D;Dense;7.5
3;S5736;D;Elastic;7.6
3;S5736;D;Fat;6.1
3;S5736;D;Fruity;0.7
3;S5736;D;Hard;6.7
3;S5736;D;Intense;0.3
3;S5736;D;Milky;2.2
3;S5736;D;Salted;0.3
3;S5736;D;Smooth;5.5
3;S5736;D;Sticky;7.5
1;S5737;D;Butter;3.5
1;S5737;D;Crumbly;4.8
1;S5737;D;Dense;8.2
1;S5737;D;Elastic;7.1
1;S5737;D;Fat;1.3
1;S5737;D;Fruity;0.1
1;S5737;D;Hard;4.6
1;S5737;D;Intense;0.1
1;S5737;D;Milky;5.5
1;S5737;D;Salted;1.1
1;S5737;D;Smooth;1.8
1;S5737;D;Sticky;0.2
2;S5737;D;Butter;4.7
2;S5737;D;Crumbly;6.9
2;S5737;D;Dense;7.2
2;S5737;D;Elastic;6.1
2;S5737;D;Fat;2.8
2;S5737;D;Fruity;1.8
2;S5737;D;Hard;6.8
2;S5737;D;Intense;0.3
2;S5737;D;Milky;3.2
2;S5737;D;Salted;2.2
2;S5737;D;Smooth;1.2
2;S5737;D;Sticky;0.5
3;S5737;D;Butter;4.4
3;S5737;D;Crumbly;7.9
3;S5737;D;Dense;8.2
3;S5737;D;Elastic;8.8
3;S5737;D;Fat;4.6
3;S5737;D;Fruity;3.5
3;S5737;D;Hard;6.9
3;S5737;D;Intense;2.5
3;S5737;D;Milky;5.2
3;S5737;D;Salted;0.8
3;S5737;D;Smooth;1.4
3;S5737;D;Sticky;0.6
1;S5738;D;Butter;1.0
1;S5738;D;Crumbly;8.6
1;S5738;D;Dense;5.9
1;S5738;D;Elastic;9.9
1;S5738;D;Fat;2.7
1;S5738;D;Fruity;2.6
1;S5738;D;Hard;5.6
1;S5738;D;Intense;2.8
1;S5738;D;Milky;2.6
1;S5738;D;Salted;2.2
1;S5738;D;Smooth;0.6
1;S5738;D;Sticky;4.6
2;S5738;D;Butter;2.7
2;S5738;D;Crumbly;6.7
2;S5738;D;Dense;2.1
2;S5738;D;Elastic;5.8
2;S5738;D;Fat;7.3
2;S5738;D;Fruity;1.4
2;S5738;D;Hard;3.7
2;S5738;D;Intense;4.1
2;S5738;D;Milky;1.6
2;S5738;D;Salted;4.0
2;S5738;D;Smooth;2.3
2;S5738;D;Sticky;6.4
3;S5738;D;Butter;0.7
3;S5738;D;Crumbly;5.3
3;S5738;D;Dense;1.5
3;S5738;D;Elastic;7.2
3;S5738;D;Fat;5.4
3;S5738;D;Fruity;1.4
3;S5738;D;Hard;4.5
3;S5738;D;Intense;2.4
3;S5738;D;Milky;0.9
3;S5738;D;Salted;3.1
3;S5738;D;Smooth;2.5
3;S5738;D;Sticky;6.2
1;S5739;D;Butter;0.0
1;S5739;D;Crumbly;1.5
1;S5739;D;Dense;8.0
1;S5739;D;Elastic;10.0
1;S5739;D;Fat;0.0
1;S5739;D;Fruity;0.0
1;S5739;D;Hard;7.9
1;S5739;D;Intense;0.0
1;S5739;D;Milky;0.1
1;S5739;D;Salted;0.0
1;S5739;D;Smooth;0.0
1;S5739;D;Sticky;0.0
2;S5739;D;Butter;0.0
2;S5739;D;Crumbly;1.4
2;S5739;D;Dense;4.8
2;S5739;D;Elastic;7.5
2;S5739;D;Fat;0.1
2;S5739;D;Fruity;0.0
2;S5739;D;Hard;4.7
2;S5739;D;Intense;0.1
2;S5739;D;Milky;0.0
2;S5739;D;Salted;0.0
2;S5739;D;Smooth;0.0
2;S5739;D;Sticky;0.0
3;S5739;D;Butter;0.0
3;S5739;D;Crumbly;1.1
3;S5739;D;Dense;6.2
3;S5739;D;Elastic;6.3
3;S5739;D;Fat;0.0
3;S5739;D;Fruity;0.0
3;S5739;D;Hard;4.2
3;S5739;D;Intense;0.7
3;S5739;D;Milky;0.8
3;S5739;D;Salted;0.0
3;S5739;D;Smooth;0.1
3;S5739;D;Sticky;0.1
1;S5740;D;Butter;0.8
1;S5740;D;Crumbly;6.8
1;S5740;D;Dense;2.5
1;S5740;D;Elastic;2.1
1;S5740;D;Fat;2.2
1;S5740;D;Fruity;0.3
1;S5740;D;Hard;1.5
1;S5740;D;Intense;0.6
1;S5740;D;Milky;1.9
1;S5740;D;Salted;1.5
1;S5740;D;Smooth;2.8
1;S5740;D;Sticky;0.4
2;S5740;D;Butter;0.8
2;S5740;D;Crumbly;6.5
2;S5740;D;Dense;4.3
2;S5740;D;Elastic;1.9
2;S5740;D;Fat;1.3
2;S5740;D;Fruity;0.3
2;S5740;D;Hard;1.3
2;S5740;D;Intense;0.9
2;S5740;D;Milky;2.7
2;S5740;D;Salted;1.0
2;S5740;D;Smooth;2.4
2;S5740;D;Sticky;0.9
3;S5740;D;Butter;0.4
3;S5740;D;Crumbly;5.0
3;S5740;D;Dense;2.8
3;S5740;D;Elastic;3.2
3;S5740;D;Fat;2.0
3;S5740;D;Fruity;0.3
3;S5740;D;Hard;4.1
3;S5740;D;Intense;0.6
3;S5740;D;Milky;0.8
3;S5740;D;Salted;1.1
3;S5740;D;Smooth;3.7
3;S5740;D;Sticky;0.5
1;S5741;D;Butter;1.2
1;S5741;D;Crumbly;7.0
1;S5741;D;Dense;7.5
1;S5741;D;Elastic;5.6
1;S5741;D;Fat;3.7
1;S5741;D;Fruity;1.2
1;S5741;D;Hard;4.6
1;S5741;D;Intense;1.2
1;S5741;D;Milky;1.3
1;S5741;D;Salted;0.4
1;S5741;D;Smooth;5.3
1;S5741;D;Sticky;3.1
2;S5741;D;Butter;1.4
2;S5741;D;Crumbly;8.1
2;S5741;D;Dense;6.3
2;S5741;D;Elastic;5.9
2;S5741;D;Fat;5.0
2;S5741;D;Fruity;0.0
2;S5741;D;Hard;2.9
2;S5741;D;Intense;0.3
2;S5741;D;Milky;1.5
2;S5741;D;Salted;0.3
2;S5741;D;Smooth;6.8
2;S5741;D;Sticky;3.9
3;S5741;D;Butter;1.7
3;S5741;D;Crumbly;7.9
3;S5741;D;Dense;6.5
3;S5741;D;Elastic;6.3
3;S5741;D;Fat;6.1
3;S5741;D;Fruity;1.0
3;S5741;D;Hard;4.2
3;S5741;D;Intense;1.5
3;S5741;D;Milky;2.2
3;S5741;D;Salted;0.9
3;S5741;D;Smooth;5.1
3;S5741;D;Sticky;2.8
1;S5742;D;Butter;1.3
1;S5742;D;Crumbly;7.3
1;S5742;D;Dense;7.0
1;S5742;D;Elastic;7.4
1;S5742;D;Fat;2.7
1;S5742;D;Fruity;5.2
1;S5742;D;Hard;4.3
1;S5742;D;Intense;3.3
1;S5742;D;Milky;2.8
1;S5742;D;Salted;0.0
1;S5742;D;Smooth;2.7
1;S5742;D;Sticky;3.7
2;S5742;D;Butter;0.9
2;S5742;D;Crumbly;6.6
2;S5742;D;Dense;6.1
2;S5742;D;Elastic;3.7
2;S5742;D;Fat;2.3
2;S5742;D;Fruity;1.1
2;S5742;D;Hard;5.0
2;S5742;D;Intense;2.2
2;S5742;D;Milky;1.9
2;S5742;D;Salted;0.3
2;S5742;D;Smooth;1.4
2;S5742;D;Sticky;3.8
3;S5742;D;Butter;1.1
3;S5742;D;Crumbly;7.0
3;S5742;D;Dense;6.6
3;S5742;D;Elastic;5.6
3;S5742;D;Fat;2.5
3;S5742;D;Fruity;3.2
3;S5742;D;Hard;4.7
3;S5742;D;Intense;2.8
3;S5742;D;Milky;2.4
3;S5742;D;Salted;0.2
3;S5742;D;Smooth;2.1
3;S5742;D;Sticky;3.8
1;S5743;D;Butter;2.1
1;S5743;D;Crumbly;3.5
1;S5743;D;Dense;1.7
1;S5743;D;Elastic;2.0
1;S5743;D;Fat;1.3
1;S5743;D;Fruity;1.7
1;S5743;D;Hard;5.0
1;S5743;D;Intense;3.3
1;S5743;D;Milky;1.9
1;S5743;D;Salted;1.6
1;S5743;D;Smooth;2.1
1;S5743;D;Sticky;1.6
2;S5743;D;Butter;1.5
2;S5743;D;Crumbly;5.3
2;S5743;D;Dense;2.0
2;S5743;D;Elastic;3.1
2;S5743;D;Fat;2.4
2;S5743;D;Fruity;1.3
2;S5743;D;Hard;3.0
2;S5743;D;Intense;1.5
2;S5743;D;Milky;1.4
2;S5743;D;Salted;1.6
2;S5743;D;Smooth;3.6
2;S5743;D;Sticky;2.3
3;S5743;D;Butter;2.1
3;S5743;D;Crumbly;4.3
3;S5743;D;Dense;3.9
3;S5743;D;Elastic;2.5
3;S5743;D;Fat;2.7
3;S5743;D;Fruity;3.4
3;S5743;D;Hard;2.6
3;S5743;D;Intense;3.3
3;S5743;D;Milky;3.2
3;S5743;D;Salted;3.4
3;S5743;D;Smooth;3.6
3;S5743;D;Sticky;4.5
1;S5744;D;Butter;5.0
1;S5744;D;Crumbly;6.3
1;S5744;D;Dense;6.6
1;S5744;D;Elastic;6.2
1;S5744;D;Fat;4.3
1;S5744;D;Fruity;1.7
1;S5744;D;Hard;6.4
1;S5744;D;Intense;2.0
1;S5744;D;Milky;2.7
1;S5744;D;Salted;1.7
1;S5744;D;Smooth;3.9
1;S5744;D;Sticky;3.4
2;S5744;D;Butter;5.1
2;S5744;D;Crumbly;4.5
2;S5744;D;Dense;5.8
2;S5744;D;Elastic;5.0
2;S5744;D;Fat;5.9
2;S5744;D;Fruity;0.0
2;S5744;D;Hard;4.1
2;S5744;D;Intense;4.2
2;S5744;D;Milky;1.4
2;S5744;D;Salted;1.6
2;S5744;D;Smooth;6.0
2;S5744;D;Sticky;2.5
3;S5744;D;Butter;1.9
3;S5744;D;Crumbly;3.6
3;S5744;D;Dense;4.9
3;S5744;D;Elastic;5.8
3;S5744;D;Fat;3.6
3;S5744;D;Fruity;1.4
3;S5744;D;Hard;5.3
3;S5744;D;Intense;4.2
3;S5744;D;Milky;0.6
3;S5744;D;Salted;1.6
3;S5744;D;Smooth;4.0
3;S5744;D;Sticky;6.9
1;S5745;D;Butter;4.7
1;S5745;D;Crumbly;8.5
1;S5745;D;Dense;8.2
1;S5745;D;Elastic;7.9
1;S5745;D;Fat;6.6
1;S5745;D;Fruity;7.3
1;S5745;D;Hard;7.4
1;S5745;D;Intense;6.8
1;S5745;D;Milky;4.8
1;S5745;D;Salted;3.2
1;S5745;D;Smooth;1.6
1;S5745;D;Sticky;6.0
2;S5745;D;Butter;5.5
2;S5745;D;Crumbly;8.2
2;S5745;D;Dense;7.5
2;S5745;D;Elastic;7.3
2;S5745;D;Fat;3.3
2;S5745;D;Fruity;6.3
2;S5745;D;Hard;6.7
2;S5745;D;Intense;4.0
2;S5745;D;Milky;7.8
2;S5745;D;Salted;1.6
2;S5745;D;Smooth;2.6
2;S5745;D;Sticky;6.4
3;S5745;D;Butter;6.4
3;S5745;D;Crumbly;8.4
3;S5745;D;Dense;8.3
3;S5745;D;Elastic;7.4
3;S5745;D;Fat;4.7
3;S5745;D;Fruity;5.6
3;S5745;D;Hard;5.8
3;S5745;D;Intense;3.7
3;S5745;D;Milky;7.2
3;S5745;D;Salted;1.6
3;S5745;D;Smooth;2.5
3;S5745;D;Sticky;6.4
1;S5746;D;Butter;7.9
1;S5746;D;Crumbly;6.4
1;S5746;D;Dense;8.1
1;S5746;D;Elastic;5.7
1;S5746;D;Fat;7.1
1;S5746;D;Fruity;5.4
1;S5746;D;Hard;1.8
1;S5746;D;Intense;3.8
1;S5746;D;Milky;6.2
1;S5746;D;Salted;3.4
1;S5746;D;Smooth;6.9
1;S5746;D;Sticky;8.4
2;S5746;D;Butter;7.9
2;S5746;D;Crumbly;8.4
2;S5746;D;Dense;6.6
2;S5746;D;Elastic;6.9
2;S5746;D;Fat;7.4
2;S5746;D;Fruity;6.0
2;S5746;D;Hard;2.2
2;S5746;D;Intense;5.6
2;S5746;D;Milky;6.8
2;S5746;D;Salted;1.7
2;S5746;D;Smooth;6.7
2;S5746;D;Sticky;7.7
3;S5746;D;Butter;8.3
3;S5746;D;Crumbly;6.6
3;S5746;D;Dense;3.0
3;S5746;D;Elastic;2.5
3;S5746;D;Fat;6.8
3;S5746;D;Fruity;5.9
3;S5746;D;Hard;2.5
3;S5746;D;Intense;2.5
3;S5746;D;Milky;7.6
3;S5746;D;Salted;3.3
3;S5746;D;Smooth;6.8
3;S5746;D;Sticky;7.9
1;S5747;D;Butter;4.4
1;S5747;D;Crumbly;4.4
1;S5747;D;Dense;5.6
1;S5747;D;Elastic;4.6
1;S5747;D;Fat;3.9
1;S5747;D;Fruity;1.1
1;S5747;D;Hard;4.7
1;S5747;D;Intense;3.1
1;S5747;D;Milky;3.2
1;S5747;D;Salted;3.1
1;S5747;D;Smooth;4.7
1;S5747;D;Sticky;4.3
2;S5747;D;Butter;4.7
2;S5747;D;Crumbly;4.9
2;S5747;D;Dense;7.9
2;S5747;D;Elastic;7.4
2;S5747;D;Fat;5.9
2;S5747;D;Fruity;0.8
2;S5747;D;Hard;6.8
2;S5747;D;Intense;2.7
2;S5747;D;Milky;4.3
2;S5747;D;Salted;3.3
2;S5747;D;Smooth;5.6
2;S5747;D;Sticky;5.0
3;S5747;D;Butter;5.8
3;S5747;D;Crumbly;5.5
3;S5747;D;Dense;8.3
3;S5747;D;Elastic;7.3
3;S5747;D;Fat;5.5
3;S5747;D;Fruity;1.0
3;S5747;D;Hard;6.8
3;S5747;D;Intense;2.5
3;S5747;D;Milky;4.2
3;S5747;D;Salted;3.7
3;S5747;D;Smooth;5.8
3;S5747;D;Sticky;6.0
1;S5748;D;Butter;2.6
1;S5748;D;Crumbly;8.8
1;S5748;D;Dense;8.6
1;S5748;D;Elastic;7.5
1;S5748;D;Fat;2.6
1;S5748;D;Fruity;1.4
1;S5748;D;Hard;7.5
1;S5748;D;Intense;2.1
1;S5748;D;Milky;3.9
1;S5748;D;Salted;3.4
1;S5748;D;Smooth;6.1
1;S5748;D;Sticky;1.7
2;S5748;D;Butter;2.0
2;S5748;D;Crumbly;9.6
2;S5748;D;Dense;8.5
2;S5748;D;Elastic;6.2
2;S5748;D;Fat;1.0
2;S5748;D;Fruity;1.4
2;S5748;D;Hard;4.5
2;S5748;D;Intense;0.6
2;S5748;D;Milky;0.4
2;S5748;D;Salted;0.4
2;S5748;D;Smooth;1.6
2;S5748;D;Sticky;6.0
3;S5748;D;Butter;9.5
3;S5748;D;Crumbly;6.2
3;S5748;D;Dense;4.3
3;S5748;D;Elastic;3.0
3;S5748;D;Fat;7.5
3;S5748;D;Fruity;6.0
3;S5748;D;Hard;3.9
3;S5748;D;Intense;4.5
3;S5748;D;Milky;8.0
3;S5748;D;Salted;1.2
3;S5748;D;Smooth;6.5
3;S5748;D;Sticky;5.4
1;S5733;E;Butter;4.4
1;S5733;E;Crumbly;4.8
1;S5733;E;Dense;4.7
1;S5733;E;Elastic;2.0
1;S5733;E;Fat;7.9
1;S5733;E;Fruity;5.3
1;S5733;E;Hard;3.9
1;S5733;E;Intense;5.9
1;S5733;E;Milky;4.5
1;S5733;E;Salted;5.4
1;S5733;E;Smooth;1.8
1;S5733;E;Sticky;5.2
2;S5733;E;Butter;2.0
2;S5733;E;Crumbly;2.7
2;S5733;E;Dense;5.0
2;S5733;E;Elastic;3.2
2;S5733;E;Fat;8.0
2;S5733;E;Fruity;6.8
2;S5733;E;Hard;3.7
2;S5733;E;Intense;3.3
2;S5733;E;Milky;5.7
2;S5733;E;Salted;9.0
2;S5733;E;Smooth;6.2
2;S5733;E;Sticky;8.8
3;S5733;E;Butter;4.0
3;S5733;E;Crumbly;5.7
3;S5733;E;Dense;4.8
3;S5733;E;Elastic;4.7
3;S5733;E;Fat;9.0
3;S5733;E;Fruity;6.7
3;S5733;E;Hard;3.0
3;S5733;E;Intense;5.8
3;S5733;E;Milky;4.0
3;S5733;E;Salted;9.7
3;S5733;E;Smooth;4.7
3;S5733;E;Sticky;7.0
1;S5734;E;Butter;6.2
1;S5734;E;Crumbly;5.5
1;S5734;E;Dense;5.3
1;S5734;E;Elastic;3.5
1;S5734;E;Fat;8.9
1;S5734;E;Fruity;3.6
1;S5734;E;Hard;2.9
1;S5734;E;Intense;7.4
1;S5734;E;Milky;6.8
1;S5734;E;Salted;8.8
1;S5734;E;Smooth;8.2
1;S5734;E;Sticky;3.7
2;S5734;E;Butter;6.0
2;S5734;E;Crumbly;3.7
2;S5734;E;Dense;3.9
2;S5734;E;Elastic;3.0
2;S5734;E;Fat;7.8
2;S5734;E;Fruity;6.9
2;S5734;E;Hard;3.7
2;S5734;E;Intense;7.7
2;S5734;E;Milky;2.3
2;S5734;E;Salted;8.7
2;S5734;E;Smooth;5.0
2;S5734;E;Sticky;5.5
3;S5734;E;Butter;2.8
3;S5734;E;Crumbly;7.3
3;S5734;E;Dense;6.0
3;S5734;E;Elastic;5.0
3;S5734;E;Fat;5.0
3;S5734;E;Fruity;4.6
3;S5734;E;Hard;4.1
3;S5734;E;Intense;5.6
3;S5734;E;Milky;7.1
3;S5734;E;Salted;9.2
3;S5734;E;Smooth;5.3
3;S5734;E;Sticky;7.0
1;S5735;E;Butter;7.8
1;S5735;E;Crumbly;0.3
1;S5735;E;Dense;2.3
1;S5735;E;Elastic;1.2
1;S5735;E;Fat;7.5
1;S5735;E;Fruity;7.0
1;S5735;E;Hard;0.5
1;S5735;E;Intense;9.8
1;S5735;E;Milky;8.3
1;S5735;E;Salted;10.0
1;S5735;E;Smooth;9.7
1;S5735;E;Sticky;5.0
2;S5735;E;Butter;6.6
2;S5735;E;Crumbly;0.3
2;S5735;E;Dense;1.5
2;S5735;E;Elastic;1.3
2;S5735;E;Fat;6.8
2;S5735;E;Fruity;5.7
2;S5735;E;Hard;1.0
2;S5735;E;Intense;9.3
2;S5735;E;Milky;5.2
2;S5735;E;Salted;10.0
2;S5735;E;Smooth;9.6
2;S5735;E;Sticky;9.2
3;S5735;E;Butter;5.2
3;S5735;E;Crumbly;1.7
3;S5735;E;Dense;1.8
3;S5735;E;Elastic;3.0
3;S5735;E;Fat;6.8
3;S5735;E;Fruity;7.0
3;S5735;E;Hard;1.2
3;S5735;E;Intense;9.0
3;S5735;E;Milky;5.3
3;S5735;E;Salted;10.0
3;S5735;E;Smooth;8.3
3;S5735;E;Sticky;2.9
1;S5736;E;Butter;7.1
1;S5736;E;Crumbly;5.85
1;S5736;E;Dense;7.8
1;S5736;E;Elastic;3.45
1;S5736;E;Fat;7.7
1;S5736;E;Fruity;3.0
1;S5736;E;Hard;2.1
1;S5736;E;Intense;4.3
1;S5736;E;Milky;4.75
1;S5736;E;Salted;8.45
1;S5736;E;Smooth;7.75
1;S5736;E;Sticky;7.7
2;S5736;E;Butter;7.1
2;S5736;E;Crumbly;7.4
2;S5736;E;Dense;8.0
2;S5736;E;Elastic;4.3
2;S5736;E;Fat;7.8
2;S5736;E;Fruity;3.3
2;S5736;E;Hard;2.5
2;S5736;E;Intense;5.7
2;S5736;E;Milky;4.5
2;S5736;E;Salted;9.8
2;S5736;E;Smooth;7.4
2;S5736;E;Sticky;7.8
3;S5736;E;Butter;7.1
3;S5736;E;Crumbly;4.3
3;S5736;E;Dense;7.6
3;S5736;E;Elastic;2.6
3;S5736;E;Fat;7.6
3;S5736;E;Fruity;2.7
3;S5736;E;Hard;1.7
3;S5736;E;Intense;2.9
3;S5736;E;Milky;5.0
3;S5736;E;Salted;7.1
3;S5736;E;Smooth;8.1
3;S5736;E;Sticky;7.6
1;S5737;E;Butter;6.9
1;S5737;E;Crumbly;0.9
1;S5737;E;Dense;2.7
1;S5737;E;Elastic;1.5
1;S5737;E;Fat;5.2
1;S5737;E;Fruity;1.5
1;S5737;E;Hard;4.4
1;S5737;E;Intense;6.2
1;S5737;E;Milky;7.5
1;S5737;E;Salted;9.9
1;S5737;E;Smooth;3.1
1;S5737;E;Sticky;3.7
2;S5737;E;Butter;4.3
2;S5737;E;Crumbly;2.2
2;S5737;E;Dense;3.1
2;S5737;E;Elastic;2.6
2;S5737;E;Fat;5.7
2;S5737;E;Fruity;4.9
2;S5737;E;Hard;2.8
2;S5737;E;Intense;5.7
2;S5737;E;Milky;4.3
2;S5737;E;Salted;8.6
2;S5737;E;Smooth;6.6
2;S5737;E;Sticky;5.6
3;S5737;E;Butter;1.7
3;S5737;E;Crumbly;1.3
3;S5737;E;Dense;3.4
3;S5737;E;Elastic;1.6
3;S5737;E;Fat;6.4
3;S5737;E;Fruity;3.4
3;S5737;E;Hard;3.8
3;S5737;E;Intense;6.8
3;S5737;E;Milky;1.6
3;S5737;E;Salted;9.2
3;S5737;E;Smooth;5.8
3;S5737;E;Sticky;4.7
1;S5738;E;Butter;2.9
1;S5738;E;Crumbly;7.0
1;S5738;E;Dense;2.8
1;S5738;E;Elastic;6.8
1;S5738;E;Fat;7.1
1;S5738;E;Fruity;2.2
1;S5738;E;Hard;2.4
1;S5738;E;Intense;6.7
1;S5738;E;Milky;2.8
1;S5738;E;Salted;9.2
1;S5738;E;Smooth;1.4
1;S5738;E;Sticky;6.4
2;S5738;E;Butter;2.0
2;S5738;E;Crumbly;6.5
2;S5738;E;Dense;3.0
2;S5738;E;Elastic;5.9
2;S5738;E;Fat;7.1
2;S5738;E;Fruity;3.3
2;S5738;E;Hard;3.8
2;S5738;E;Intense;6.2
2;S5738;E;Milky;2.9
2;S5738;E;Salted;6.5
2;S5738;E;Smooth;2.6
2;S5738;E;Sticky;5.1
3;S5738;E;Butter;1.4
3;S5738;E;Crumbly;3.4
3;S5738;E;Dense;0.9
3;S5738;E;Elastic;7.3
3;S5738;E;Fat;6.7
3;S5738;E;Fruity;1.1
3;S5738;E;Hard;2.3
3;S5738;E;Intense;3.9
3;S5738;E;Milky;0.8
3;S5738;E;Salted;8.5
3;S5738;E;Smooth;5.1
3;S5738;E;Sticky;7.0
1;S5739;E;Butter;0.8
1;S5739;E;Crumbly;0.9
1;S5739;E;Dense;1.1
1;S5739;E;Elastic;2.3
1;S5739;E;Fat;1.0
1;S5739;E;Fruity;0.0
1;S5739;E;Hard;2.3
1;S5739;E;Intense;1.3
1;S5739;E;Milky;0.8
1;S5739;E;Salted;1.7
1;S5739;E;Smooth;0.0
1;S5739;E;Sticky;0.0
2;S5739;E;Butter;1.0
2;S5739;E;Crumbly;1.0
2;S5739;E;Dense;2.1
2;S5739;E;Elastic;2.2
2;S5739;E;Fat;1.1
2;S5739;E;Fruity;0.1
2;S5739;E;Hard;2.2
2;S5739;E;Intense;1.6
2;S5739;E;Milky;1.0
2;S5739;E;Salted;3.3
2;S5739;E;Smooth;0.0
2;S5739;E;Sticky;0.0
3;S5739;E;Butter;1.6
3;S5739;E;Crumbly;2.2
3;S5739;E;Dense;2.4
3;S5739;E;Elastic;2.4
3;S5739;E;Fat;0.8
3;S5739;E;Fruity;0.0
3;S5739;E;Hard;2.4
3;S5739;E;Intense;1.6
3;S5739;E;Milky;0.8
3;S5739;E;Salted;1.7
3;S5739;E;Smooth;0.0
3;S5739;E;Sticky;0.1
1;S5740;E;Butter;0.9
1;S5740;E;Crumbly;6.5
1;S5740;E;Dense;2.5
1;S5740;E;Elastic;1.1
1;S5740;E;Fat;2.3
1;S5740;E;Fruity;0.2
1;S5740;E;Hard;1.3
1;S5740;E;Intense;1.7
1;S5740;E;Milky;3.6
1;S5740;E;Salted;5.0
1;S5740;E;Smooth;3.3
1;S5740;E;Sticky;0.8
2;S5740;E;Butter;3.3
2;S5740;E;Crumbly;1.9
2;S5740;E;Dense;3.0
2;S5740;E;Elastic;1.5
2;S5740;E;Fat;3.9
2;S5740;E;Fruity;0.2
2;S5740;E;Hard;1.1
2;S5740;E;Intense;2.0
2;S5740;E;Milky;2.7
2;S5740;E;Salted;3.3
2;S5740;E;Smooth;4.3
2;S5740;E;Sticky;0.7
3;S5740;E;Butter;3.2
3;S5740;E;Crumbly;1.6
3;S5740;E;Dense;3.6
3;S5740;E;Elastic;1.2
3;S5740;E;Fat;5.7
3;S5740;E;Fruity;0.1
3;S5740;E;Hard;1.1
3;S5740;E;Intense;2.6
3;S5740;E;Milky;2.2
3;S5740;E;Salted;4.8
3;S5740;E;Smooth;5.7
3;S5740;E;Sticky;0.5
1;S5741;E;Butter;2.1
1;S5741;E;Crumbly;7.1
1;S5741;E;Dense;5.6
1;S5741;E;Elastic;5.3
1;S5741;E;Fat;5.3
1;S5741;E;Fruity;1.4
1;S5741;E;Hard;1.1
1;S5741;E;Intense;2.5
1;S5741;E;Milky;0.3
1;S5741;E;Salted;1.7
1;S5741;E;Smooth;5.7
1;S5741;E;Sticky;6.2
2;S5741;E;Butter;1.8
2;S5741;E;Crumbly;5.6
2;S5741;E;Dense;6.5
2;S5741;E;Elastic;6.2
2;S5741;E;Fat;7.3
2;S5741;E;Fruity;2.0
2;S5741;E;Hard;2.1
2;S5741;E;Intense;2.3
2;S5741;E;Milky;1.4
2;S5741;E;Salted;1.8
2;S5741;E;Smooth;7.0
2;S5741;E;Sticky;6.6
3;S5741;E;Butter;2.5
3;S5741;E;Crumbly;8.2
3;S5741;E;Dense;4.8
3;S5741;E;Elastic;4.8
3;S5741;E;Fat;6.5
3;S5741;E;Fruity;2.8
3;S5741;E;Hard;2.1
3;S5741;E;Intense;2.6
3;S5741;E;Milky;2.3
3;S5741;E;Salted;2.3
3;S5741;E;Smooth;7.2
3;S5741;E;Sticky;7.4
1;S5742;E;Butter;2.8
1;S5742;E;Crumbly;7.1
1;S5742;E;Dense;7.0
1;S5742;E;Elastic;6.7
1;S5742;E;Fat;1.7
1;S5742;E;Fruity;5.1
1;S5742;E;Hard;5.3
1;S5742;E;Intense;8.0
1;S5742;E;Milky;2.8
1;S5742;E;Salted;5.7
1;S5742;E;Smooth;0.7
1;S5742;E;Sticky;2.4
2;S5742;E;Butter;2.0
2;S5742;E;Crumbly;6.5
2;S5742;E;Dense;4.4
2;S5742;E;Elastic;7.4
2;S5742;E;Fat;2.1
2;S5742;E;Fruity;7.2
2;S5742;E;Hard;2.7
2;S5742;E;Intense;7.0
2;S5742;E;Milky;5.1
2;S5742;E;Salted;5.7
2;S5742;E;Smooth;4.4
2;S5742;E;Sticky;7.3
3;S5742;E;Butter;2.4
3;S5742;E;Crumbly;6.8
3;S5742;E;Dense;5.7
3;S5742;E;Elastic;7.1
3;S5742;E;Fat;1.9
3;S5742;E;Fruity;6.2
3;S5742;E;Hard;4.0
3;S5742;E;Intense;7.5
3;S5742;E;Milky;4.0
3;S5742;E;Salted;5.7
3;S5742;E;Smooth;2.6
3;S5742;E;Sticky;4.9
1;S5743;E;Butter;1.3
1;S5743;E;Crumbly;3.9
1;S5743;E;Dense;1.6
1;S5743;E;Elastic;1.9
1;S5743;E;Fat;1.9
1;S5743;E;Fruity;1.7
1;S5743;E;Hard;3.0
1;S5743;E;Intense;3.3
1;S5743;E;Milky;1.4
1;S5743;E;Salted;3.4
1;S5743;E;Smooth;2.3
1;S5743;E;Sticky;4.7
2;S5743;E;Butter;3.2
2;S5743;E;Crumbly;3.9
2;S5743;E;Dense;1.6
2;S5743;E;Elastic;2.2
2;S5743;E;Fat;2.4
2;S5743;E;Fruity;1.7
2;S5743;E;Hard;2.1
2;S5743;E;Intense;1.9
2;S5743;E;Milky;3.3
2;S5743;E;Salted;3.3
2;S5743;E;Smooth;2.0
2;S5743;E;Sticky;5.4
3;S5743;E;Butter;2.7
3;S5743;E;Crumbly;4.5
3;S5743;E;Dense;1.9
3;S5743;E;Elastic;1.7
3;S5743;E;Fat;1.9
3;S5743;E;Fruity;2.4
3;S5743;E;Hard;3.9
3;S5743;E;Intense;1.9
3;S5743;E;Milky;2.3
3;S5743;E;Salted;3.3
3;S5743;E;Smooth;3.4
3;S5743;E;Sticky;2.4
1;S5744;E;Butter;3.2
1;S5744;E;Crumbly;3.4
1;S5744;E;Dense;3.8
1;S5744;E;Elastic;3.8
1;S5744;E;Fat;3.7
1;S5744;E;Fruity;3.2
1;S5744;E;Hard;3.6
1;S5744;E;Intense;4.2
1;S5744;E;Milky;1.3
1;S5744;E;Salted;5.7
1;S5744;E;Smooth;5.2
1;S5744;E;Sticky;5.6
2;S5744;E;Butter;2.9
2;S5744;E;Crumbly;2.0
2;S5744;E;Dense;1.5
2;S5744;E;Elastic;1.7
2;S5744;E;Fat;3.5
2;S5744;E;Fruity;1.4
2;S5744;E;Hard;1.5
2;S5744;E;Intense;5.3
2;S5744;E;Milky;2.5
2;S5744;E;Salted;5.7
2;S5744;E;Smooth;7.5
2;S5744;E;Sticky;7.3
3;S5744;E;Butter;3.2
3;S5744;E;Crumbly;2.8
3;S5744;E;Dense;3.2
3;S5744;E;Elastic;3.6
3;S5744;E;Fat;3.6
3;S5744;E;Fruity;0.8
3;S5744;E;Hard;3.2
3;S5744;E;Intense;4.9
3;S5744;E;Milky;1.8
3;S5744;E;Salted;5.7
3;S5744;E;Smooth;6.3
3;S5744;E;Sticky;6.2
1;S5745;E;Butter;7.0
1;S5745;E;Crumbly;8.1
1;S5745;E;Dense;6.3
1;S5745;E;Elastic;6.9
1;S5745;E;Fat;6.9
1;S5745;E;Fruity;7.1
1;S5745;E;Hard;6.0
1;S5745;E;Intense;4.4
1;S5745;E;Milky;5.7
1;S5745;E;Salted;3.3
1;S5745;E;Smooth;0.7
1;S5745;E;Sticky;2.9
2;S5745;E;Butter;7.0
2;S5745;E;Crumbly;4.3
2;S5745;E;Dense;6.1
2;S5745;E;Elastic;5.9
2;S5745;E;Fat;5.9
2;S5745;E;Fruity;7.9
2;S5745;E;Hard;4.8
2;S5745;E;Intense;7.6
2;S5745;E;Milky;7.7
2;S5745;E;Salted;3.1
2;S5745;E;Smooth;4.3
2;S5745;E;Sticky;6.7
3;S5745;E;Butter;7.3
3;S5745;E;Crumbly;5.6
3;S5745;E;Dense;7.2
3;S5745;E;Elastic;3.8
3;S5745;E;Fat;6.7
3;S5745;E;Fruity;7.7
3;S5745;E;Hard;5.6
3;S5745;E;Intense;7.1
3;S5745;E;Milky;7.5
3;S5745;E;Salted;3.3
3;S5745;E;Smooth;3.1
3;S5745;E;Sticky;6.5
1;S5746;E;Butter;8.3
1;S5746;E;Crumbly;6.3
1;S5746;E;Dense;2.3
1;S5746;E;Elastic;2.1
1;S5746;E;Fat;8.1
1;S5746;E;Fruity;6.6
1;S5746;E;Hard;2.2
1;S5746;E;Intense;8.3
1;S5746;E;Milky;7.2
1;S5746;E;Salted;10.0
1;S5746;E;Smooth;7.5
1;S5746;E;Sticky;8.2
2;S5746;E;Butter;8.1
2;S5746;E;Crumbly;7.4
2;S5746;E;Dense;2.7
2;S5746;E;Elastic;2.6
2;S5746;E;Fat;7.1
2;S5746;E;Fruity;6.7
2;S5746;E;Hard;2.5
2;S5746;E;Intense;7.5
2;S5746;E;Milky;6.9
2;S5746;E;Salted;5.7
2;S5746;E;Smooth;6.2
2;S5746;E;Sticky;7.5
3;S5746;E;Butter;9.0
3;S5746;E;Crumbly;2.0
3;S5746;E;Dense;2.0
3;S5746;E;Elastic;1.5
3;S5746;E;Fat;8.4
3;S5746;E;Fruity;6.4
3;S5746;E;Hard;0.7
3;S5746;E;Intense;7.9
3;S5746;E;Milky;8.3
3;S5746;E;Salted;10.0
3;S5746;E;Smooth;8.9
3;S5746;E;Sticky;9.3
1;S5747;E;Butter;5.8
1;S5747;E;Crumbly;5.3
1;S5747;E;Dense;6.7
1;S5747;E;Elastic;4.4
1;S5747;E;Fat;5.5
1;S5747;E;Fruity;2.8
1;S5747;E;Hard;4.5
1;S5747;E;Intense;4.2
1;S5747;E;Milky;5.1
1;S5747;E;Salted;4.7
1;S5747;E;Smooth;5.2
1;S5747;E;Sticky;6.6
2;S5747;E;Butter;6.1
2;S5747;E;Crumbly;5.7
2;S5747;E;Dense;6.8
2;S5747;E;Elastic;8.0
2;S5747;E;Fat;5.7
2;S5747;E;Fruity;1.8
2;S5747;E;Hard;5.5
2;S5747;E;Intense;3.9
2;S5747;E;Milky;6.0
2;S5747;E;Salted;5.6
2;S5747;E;Smooth;6.4
2;S5747;E;Sticky;6.3
3;S5747;E;Butter;7.9
3;S5747;E;Crumbly;6.9
3;S5747;E;Dense;7.0
3;S5747;E;Elastic;7.2
3;S5747;E;Fat;6.3
3;S5747;E;Fruity;3.9
3;S5747;E;Hard;5.3
3;S5747;E;Intense;5.8
3;S5747;E;Milky;7.2
3;S5747;E;Salted;6.6
3;S5747;E;Smooth;6.9
3;S5747;E;Sticky;7.5
1;S5748;E;Butter;6.2
1;S5748;E;Crumbly;2.5
1;S5748;E;Dense;2.7
1;S5748;E;Elastic;0.8
1;S5748;E;Fat;8.0
1;S5748;E;Fruity;3.1
1;S5748;E;Hard;0.6
1;S5748;E;Intense;6.5
1;S5748;E;Milky;4.9
1;S5748;E;Salted;7.5
1;S5748;E;Smooth;7.3
1;S5748;E;Sticky;7.1
2;S5748;E;Butter;7.1
2;S5748;E;Crumbly;8.0
2;S5748;E;Dense;4.1
2;S5748;E;Elastic;0.8
2;S5748;E;Fat;9.1
2;S5748;E;Fruity;3.2
2;S5748;E;Hard;4.6
2;S5748;E;Intense;8.9
2;S5748;E;Milky;6.0
2;S5748;E;Salted;9.9
2;S5748;E;Smooth;8.4
2;S5748;E;Sticky;5.9
3;S5748;E;Butter;7.0
3;S5748;E;Crumbly;4.6
3;S5748;E;Dense;3.6
3;S5748;E;Elastic;1.9
3;S5748;E;Fat;7.5
3;S5748;E;Fruity;2.3
3;S5748;E;Hard;1.0
3;S5748;E;Intense;0.5
3;S5748;E;Milky;5.2
3;S5748;E;Salted;1.0
3;S5748;E;Smooth;5.8
3;S5748;E;Sticky;2.4
1;S5733;F;Butter;3.0
1;S5733;F;Crumbly;6.8
1;S5733;F;Dense;6.2
1;S5733;F;Elastic;7.1
1;S5733;F;Fat;2.7
1;S5733;F;Fruity;3.4
1;S5733;F;Hard;6.1
1;S5733;F;Intense;4.3
1;S5733;F;Milky;5.8
1;S5733;F;Salted;2.0
1;S5733;F;Smooth;2.4
1;S5733;F;Sticky;1.4
2;S5733;F;Butter;1.6
2;S5733;F;Crumbly;1.8
2;S5733;F;Dense;2.2
2;S5733;F;Elastic;2.9
2;S5733;F;Fat;1.6
2;S5733;F;Fruity;1.0
2;S5733;F;Hard;2.2
2;S5733;F;Intense;1.6
2;S5733;F;Milky;2.1
2;S5733;F;Salted;2.8
2;S5733;F;Smooth;6.9
2;S5733;F;Sticky;7.8
3;S5733;F;Butter;6.2
3;S5733;F;Crumbly;3.6
3;S5733;F;Dense;3.1
3;S5733;F;Elastic;1.1
3;S5733;F;Fat;8.6
3;S5733;F;Fruity;1.1
3;S5733;F;Hard;1.7
3;S5733;F;Intense;3.7
3;S5733;F;Milky;5.7
3;S5733;F;Salted;1.6
3;S5733;F;Smooth;7.9
3;S5733;F;Sticky;9.2
1;S5734;F;Butter;4.9
1;S5734;F;Crumbly;5.9
1;S5734;F;Dense;6.6
1;S5734;F;Elastic;5.5
1;S5734;F;Fat;6.5
1;S5734;F;Fruity;6.0
1;S5734;F;Hard;6.3
1;S5734;F;Intense;5.1
1;S5734;F;Milky;4.1
1;S5734;F;Salted;1.7
1;S5734;F;Smooth;6.6
1;S5734;F;Sticky;4.7
2;S5734;F;Butter;6.0
2;S5734;F;Crumbly;4.6
2;S5734;F;Dense;5.6
2;S5734;F;Elastic;3.5
2;S5734;F;Fat;6.1
2;S5734;F;Fruity;6.1
2;S5734;F;Hard;5.0
2;S5734;F;Intense;6.7
2;S5734;F;Milky;6.0
2;S5734;F;Salted;3.3
2;S5734;F;Smooth;3.5
2;S5734;F;Sticky;6.0
3;S5734;F;Butter;5.4
3;S5734;F;Crumbly;4.3
3;S5734;F;Dense;7.1
3;S5734;F;Elastic;6.4
3;S5734;F;Fat;6.8
3;S5734;F;Fruity;4.5
3;S5734;F;Hard;6.1
3;S5734;F;Intense;6.9
3;S5734;F;Milky;6.4
3;S5734;F;Salted;3.3
3;S5734;F;Smooth;5.8
3;S5734;F;Sticky;5.7
1;S5735;F;Butter;4.6
1;S5735;F;Crumbly;2.0
1;S5735;F;Dense;3.4
1;S5735;F;Elastic;3.2
1;S5735;F;Fat;3.4
1;S5735;F;Fruity;2.1
1;S5735;F;Hard;3.0
1;S5735;F;Intense;1.2
1;S5735;F;Milky;4.3
1;S5735;F;Salted;3.6
1;S5735;F;Smooth;8.4
1;S5735;F;Sticky;10.0
2;S5735;F;Butter;5.1
2;S5735;F;Crumbly;2.6
2;S5735;F;Dense;1.7
2;S5735;F;Elastic;2.2
2;S5735;F;Fat;5.2
2;S5735;F;Fruity;3.0
2;S5735;F;Hard;1.1
2;S5735;F;Intense;2.8
2;S5735;F;Milky;3.4
2;S5735;F;Salted;2.8
2;S5735;F;Smooth;7.7
2;S5735;F;Sticky;7.4
3;S5735;F;Butter;2.8
3;S5735;F;Crumbly;3.5
3;S5735;F;Dense;5.0
3;S5735;F;Elastic;5.3
3;S5735;F;Fat;2.9
3;S5735;F;Fruity;3.3
3;S5735;F;Hard;5.0
3;S5735;F;Intense;2.4
3;S5735;F;Milky;4.2
3;S5735;F;Salted;2.8
3;S5735;F;Smooth;6.7
3;S5735;F;Sticky;6.2
1;S5736;F;Butter;6.55
1;S5736;F;Crumbly;6.25
1;S5736;F;Dense;5.4
1;S5736;F;Elastic;5.8
1;S5736;F;Fat;7.0
1;S5736;F;Fruity;1.65
1;S5736;F;Hard;1.65
1;S5736;F;Intense;0.85
1;S5736;F;Milky;3.65
1;S5736;F;Salted;0.4
1;S5736;F;Smooth;5.0
1;S5736;F;Sticky;6.4
2;S5736;F;Butter;6.1
2;S5736;F;Crumbly;6.8
2;S5736;F;Dense;5.4
2;S5736;F;Elastic;6.7
2;S5736;F;Fat;6.7
2;S5736;F;Fruity;0.7
2;S5736;F;Hard;2.2
2;S5736;F;Intense;0.7
2;S5736;F;Milky;3.0
2;S5736;F;Salted;0.1
2;S5736;F;Smooth;3.3
2;S5736;F;Sticky;5.3
3;S5736;F;Butter;7.0
3;S5736;F;Crumbly;5.7
3;S5736;F;Dense;5.4
3;S5736;F;Elastic;4.9
3;S5736;F;Fat;7.3
3;S5736;F;Fruity;2.6
3;S5736;F;Hard;1.1
3;S5736;F;Intense;1.0
3;S5736;F;Milky;4.3
3;S5736;F;Salted;0.7
3;S5736;F;Smooth;6.7
3;S5736;F;Sticky;7.5
1;S5737;F;Butter;6.3
1;S5737;F;Crumbly;1.7
1;S5737;F;Dense;2.6
1;S5737;F;Elastic;1.5
1;S5737;F;Fat;5.2
1;S5737;F;Fruity;0.1
1;S5737;F;Hard;3.1
1;S5737;F;Intense;4.4
1;S5737;F;Milky;8.2
1;S5737;F;Salted;2.0
1;S5737;F;Smooth;2.7
1;S5737;F;Sticky;2.9
2;S5737;F;Butter;4.3
2;S5737;F;Crumbly;3.6
2;S5737;F;Dense;4.4
2;S5737;F;Elastic;2.8
2;S5737;F;Fat;2.6
2;S5737;F;Fruity;0.4
2;S5737;F;Hard;3.9
2;S5737;F;Intense;2.5
2;S5737;F;Milky;2.2
2;S5737;F;Salted;2.9
2;S5737;F;Smooth;2.7
2;S5737;F;Sticky;1.1
3;S5737;F;Butter;5.1
3;S5737;F;Crumbly;4.2
3;S5737;F;Dense;6.2
3;S5737;F;Elastic;3.0
3;S5737;F;Fat;5.0
3;S5737;F;Fruity;1.0
3;S5737;F;Hard;6.3
3;S5737;F;Intense;4.6
3;S5737;F;Milky;6.9
3;S5737;F;Salted;2.8
3;S5737;F;Smooth;3.5
3;S5737;F;Sticky;0.2
1;S5738;F;Butter;1.2
1;S5738;F;Crumbly;7.6
1;S5738;F;Dense;5.6
1;S5738;F;Elastic;8.4
1;S5738;F;Fat;6.9
1;S5738;F;Fruity;0.6
1;S5738;F;Hard;4.7
1;S5738;F;Intense;1.3
1;S5738;F;Milky;0.8
1;S5738;F;Salted;3.1
1;S5738;F;Smooth;0.8
1;S5738;F;Sticky;6.0
2;S5738;F;Butter;3.3
2;S5738;F;Crumbly;5.7
2;S5738;F;Dense;1.7
2;S5738;F;Elastic;4.7
2;S5738;F;Fat;7.5
2;S5738;F;Fruity;2.8
2;S5738;F;Hard;3.6
2;S5738;F;Intense;5.3
2;S5738;F;Milky;1.1
2;S5738;F;Salted;3.3
2;S5738;F;Smooth;2.6
2;S5738;F;Sticky;5.7
3;S5738;F;Butter;1.9
3;S5738;F;Crumbly;4.2
3;S5738;F;Dense;0.8
3;S5738;F;Elastic;7.6
3;S5738;F;Fat;5.7
3;S5738;F;Fruity;0.9
3;S5738;F;Hard;2.2
3;S5738;F;Intense;2.1
3;S5738;F;Milky;0.9
3;S5738;F;Salted;5.2
3;S5738;F;Smooth;3.3
3;S5738;F;Sticky;6.6
1;S5739;F;Butter;0.0
1;S5739;F;Crumbly;3.1
1;S5739;F;Dense;3.2
1;S5739;F;Elastic;4.8
1;S5739;F;Fat;0.1
1;S5739;F;Fruity;0.1
1;S5739;F;Hard;4.8
1;S5739;F;Intense;0.0
1;S5739;F;Milky;0.0
1;S5739;F;Salted;0.0
1;S5739;F;Smooth;0.0
1;S5739;F;Sticky;0.1
2;S5739;F;Butter;0.0
2;S5739;F;Crumbly;1.5
2;S5739;F;Dense;4.9
2;S5739;F;Elastic;4.9
2;S5739;F;Fat;0.0
2;S5739;F;Fruity;0.0
2;S5739;F;Hard;5.0
2;S5739;F;Intense;1.3
2;S5739;F;Milky;1.4
2;S5739;F;Salted;0.0
2;S5739;F;Smooth;0.1
2;S5739;F;Sticky;0.0
3;S5739;F;Butter;0.0
3;S5739;F;Crumbly;1.3
3;S5739;F;Dense;1.5
3;S5739;F;Elastic;3.6
3;S5739;F;Fat;0.0
3;S5739;F;Fruity;0.0
3;S5739;F;Hard;1.4
3;S5739;F;Intense;0.0
3;S5739;F;Milky;0.0
3;S5739;F;Salted;0.0
3;S5739;F;Smooth;0.0
3;S5739;F;Sticky;0.0
1;S5740;F;Butter;0.6
1;S5740;F;Crumbly;2.6
1;S5740;F;Dense;1.9
1;S5740;F;Elastic;0.5
1;S5740;F;Fat;2.3
1;S5740;F;Fruity;0.5
1;S5740;F;Hard;1.6
1;S5740;F;Intense;1.8
1;S5740;F;Milky;1.9
1;S5740;F;Salted;2.4
1;S5740;F;Smooth;2.6
1;S5740;F;Sticky;0.3
2;S5740;F;Butter;1.0
2;S5740;F;Crumbly;3.4
2;S5740;F;Dense;2.3
2;S5740;F;Elastic;1.3
2;S5740;F;Fat;3.2
2;S5740;F;Fruity;0.1
2;S5740;F;Hard;2.1
2;S5740;F;Intense;0.4
2;S5740;F;Milky;2.5
2;S5740;F;Salted;0.9
2;S5740;F;Smooth;2.3
2;S5740;F;Sticky;0.6
3;S5740;F;Butter;2.0
3;S5740;F;Crumbly;6.1
3;S5740;F;Dense;1.4
3;S5740;F;Elastic;3.0
3;S5740;F;Fat;5.6
3;S5740;F;Fruity;0.2
3;S5740;F;Hard;1.9
3;S5740;F;Intense;0.5
3;S5740;F;Milky;1.3
3;S5740;F;Salted;0.8
3;S5740;F;Smooth;4.5
3;S5740;F;Sticky;0.7
1;S5741;F;Butter;0.7
1;S5741;F;Crumbly;7.7
1;S5741;F;Dense;6.3
1;S5741;F;Elastic;6.1
1;S5741;F;Fat;5.3
1;S5741;F;Fruity;0.1
1;S5741;F;Hard;1.7
1;S5741;F;Intense;1.2
1;S5741;F;Milky;1.8
1;S5741;F;Salted;0.3
1;S5741;F;Smooth;7.0
1;S5741;F;Sticky;1.2
2;S5741;F;Butter;0.8
2;S5741;F;Crumbly;6.3
2;S5741;F;Dense;4.4
2;S5741;F;Elastic;6.2
2;S5741;F;Fat;3.3
2;S5741;F;Fruity;0.9
2;S5741;F;Hard;2.3
2;S5741;F;Intense;1.5
2;S5741;F;Milky;1.9
2;S5741;F;Salted;0.4
2;S5741;F;Smooth;7.7
2;S5741;F;Sticky;7.8
3;S5741;F;Butter;0.3
3;S5741;F;Crumbly;7.9
3;S5741;F;Dense;5.3
3;S5741;F;Elastic;5.6
3;S5741;F;Fat;2.6
3;S5741;F;Fruity;1.1
3;S5741;F;Hard;2.0
3;S5741;F;Intense;1.1
3;S5741;F;Milky;2.1
3;S5741;F;Salted;0.5
3;S5741;F;Smooth;6.6
3;S5741;F;Sticky;3.3
1;S5742;F;Butter;3.6
1;S5742;F;Crumbly;4.3
1;S5742;F;Dense;3.8
1;S5742;F;Elastic;5.1
1;S5742;F;Fat;2.6
1;S5742;F;Fruity;6.8
1;S5742;F;Hard;2.7
1;S5742;F;Intense;5.5
1;S5742;F;Milky;4.8
1;S5742;F;Salted;0.4
1;S5742;F;Smooth;6.6
1;S5742;F;Sticky;7.4
2;S5742;F;Butter;1.2
2;S5742;F;Crumbly;6.1
2;S5742;F;Dense;3.8
2;S5742;F;Elastic;8.3
2;S5742;F;Fat;2.7
2;S5742;F;Fruity;6.9
2;S5742;F;Hard;3.3
2;S5742;F;Intense;4.8
2;S5742;F;Milky;3.0
2;S5742;F;Salted;0.3
2;S5742;F;Smooth;3.4
2;S5742;F;Sticky;7.2
3;S5742;F;Butter;2.4
3;S5742;F;Crumbly;5.2
3;S5742;F;Dense;3.8
3;S5742;F;Elastic;6.7
3;S5742;F;Fat;2.7
3;S5742;F;Fruity;6.9
3;S5742;F;Hard;3.0
3;S5742;F;Intense;5.2
3;S5742;F;Milky;3.9
3;S5742;F;Salted;0.4
3;S5742;F;Smooth;5.0
3;S5742;F;Sticky;7.3
1;S5743;F;Butter;3.3
1;S5743;F;Crumbly;3.9
1;S5743;F;Dense;2.1
1;S5743;F;Elastic;3.9
1;S5743;F;Fat;3.7
1;S5743;F;Fruity;3.3
1;S5743;F;Hard;5.0
1;S5743;F;Intense;1.6
1;S5743;F;Milky;3.3
1;S5743;F;Salted;1.6
1;S5743;F;Smooth;3.0
1;S5743;F;Sticky;5.1
2;S5743;F;Butter;1.5
2;S5743;F;Crumbly;3.2
2;S5743;F;Dense;1.4
2;S5743;F;Elastic;2.0
2;S5743;F;Fat;2.4
2;S5743;F;Fruity;1.5
2;S5743;F;Hard;1.8
2;S5743;F;Intense;1.5
2;S5743;F;Milky;1.4
2;S5743;F;Salted;1.6
2;S5743;F;Smooth;2.8
2;S5743;F;Sticky;1.5
3;S5743;F;Butter;1.8
3;S5743;F;Crumbly;4.0
3;S5743;F;Dense;2.4
3;S5743;F;Elastic;2.8
3;S5743;F;Fat;3.0
3;S5743;F;Fruity;2.1
3;S5743;F;Hard;2.4
3;S5743;F;Intense;3.1
3;S5743;F;Milky;2.1
3;S5743;F;Salted;1.7
3;S5743;F;Smooth;3.7
3;S5743;F;Sticky;2.4
1;S5744;F;Butter;3.7
1;S5744;F;Crumbly;4.3
1;S5744;F;Dense;4.7
1;S5744;F;Elastic;3.8
1;S5744;F;Fat;2.8
1;S5744;F;Fruity;1.1
1;S5744;F;Hard;3.8
1;S5744;F;Intense;3.2
1;S5744;F;Milky;1.0
1;S5744;F;Salted;1.7
1;S5744;F;Smooth;5.7
1;S5744;F;Sticky;7.1
2;S5744;F;Butter;3.4
2;S5744;F;Crumbly;3.4
2;S5744;F;Dense;3.3
2;S5744;F;Elastic;3.6
2;S5744;F;Fat;3.2
2;S5744;F;Fruity;0.7
2;S5744;F;Hard;3.0
2;S5744;F;Intense;3.3
2;S5744;F;Milky;2.3
2;S5744;F;Salted;1.7
2;S5744;F;Smooth;6.7
2;S5744;F;Sticky;3.5
3;S5744;F;Butter;3.2
3;S5744;F;Crumbly;1.5
3;S5744;F;Dense;4.5
3;S5744;F;Elastic;1.4
3;S5744;F;Fat;2.7
3;S5744;F;Fruity;0.7
3;S5744;F;Hard;1.5
3;S5744;F;Intense;2.3
3;S5744;F;Milky;3.0
3;S5744;F;Salted;1.7
3;S5744;F;Smooth;7.0
3;S5744;F;Sticky;8.4
1;S5745;F;Butter;2.7
1;S5745;F;Crumbly;7.6
1;S5745;F;Dense;7.2
1;S5745;F;Elastic;7.1
1;S5745;F;Fat;7.2
1;S5745;F;Fruity;7.3
1;S5745;F;Hard;7.1
1;S5745;F;Intense;5.1
1;S5745;F;Milky;7.3
1;S5745;F;Salted;2.6
1;S5745;F;Smooth;3.1
1;S5745;F;Sticky;5.9
2;S5745;F;Butter;7.5
2;S5745;F;Crumbly;7.9
2;S5745;F;Dense;7.4
2;S5745;F;Elastic;7.4
2;S5745;F;Fat;6.3
2;S5745;F;Fruity;5.8
2;S5745;F;Hard;5.5
2;S5745;F;Intense;4.3
2;S5745;F;Milky;7.5
2;S5745;F;Salted;1.6
2;S5745;F;Smooth;3.3
2;S5745;F;Sticky;7.5
3;S5745;F;Butter;2.8
3;S5745;F;Crumbly;8.3
3;S5745;F;Dense;8.6
3;S5745;F;Elastic;7.5
3;S5745;F;Fat;1.7
3;S5745;F;Fruity;2.3
3;S5745;F;Hard;6.5
3;S5745;F;Intense;2.4
3;S5745;F;Milky;7.6
3;S5745;F;Salted;1.7
3;S5745;F;Smooth;2.4
3;S5745;F;Sticky;7.3
1;S5746;F;Butter;7.4
1;S5746;F;Crumbly;7.5
1;S5746;F;Dense;1.8
1;S5746;F;Elastic;2.2
1;S5746;F;Fat;6.6
1;S5746;F;Fruity;2.9
1;S5746;F;Hard;2.2
1;S5746;F;Intense;2.4
1;S5746;F;Milky;7.2
1;S5746;F;Salted;1.6
1;S5746;F;Smooth;8.3
1;S5746;F;Sticky;7.5
2;S5746;F;Butter;7.0
2;S5746;F;Crumbly;7.7
2;S5746;F;Dense;3.6
2;S5746;F;Elastic;5.9
2;S5746;F;Fat;7.9
2;S5746;F;Fruity;3.1
2;S5746;F;Hard;2.8
2;S5746;F;Intense;2.2
2;S5746;F;Milky;6.4
2;S5746;F;Salted;1.7
2;S5746;F;Smooth;6.9
2;S5746;F;Sticky;8.4
3;S5746;F;Butter;8.6
3;S5746;F;Crumbly;1.6
3;S5746;F;Dense;1.1
3;S5746;F;Elastic;7.7
3;S5746;F;Fat;8.0
3;S5746;F;Fruity;3.1
3;S5746;F;Hard;0.9
3;S5746;F;Intense;1.8
3;S5746;F;Milky;5.2
3;S5746;F;Salted;0.9
3;S5746;F;Smooth;9.1
3;S5746;F;Sticky;9.0
1;S5747;F;Butter;4.8
1;S5747;F;Crumbly;5.5
1;S5747;F;Dense;7.7
1;S5747;F;Elastic;6.4
1;S5747;F;Fat;5.6
1;S5747;F;Fruity;1.3
1;S5747;F;Hard;4.4
1;S5747;F;Intense;2.3
1;S5747;F;Milky;5.0
1;S5747;F;Salted;2.5
1;S5747;F;Smooth;5.8
1;S5747;F;Sticky;6.3
2;S5747;F;Butter;5.2
2;S5747;F;Crumbly;5.5
2;S5747;F;Dense;7.3
2;S5747;F;Elastic;7.7
2;S5747;F;Fat;5.3
2;S5747;F;Fruity;1.5
2;S5747;F;Hard;5.4
2;S5747;F;Intense;3.3
2;S5747;F;Milky;4.9
2;S5747;F;Salted;4.7
2;S5747;F;Smooth;5.4
2;S5747;F;Sticky;6.6
3;S5747;F;Butter;6.0
3;S5747;F;Crumbly;5.8
3;S5747;F;Dense;5.6
3;S5747;F;Elastic;6.4
3;S5747;F;Fat;5.1
3;S5747;F;Fruity;0.7
3;S5747;F;Hard;4.9
3;S5747;F;Intense;2.7
3;S5747;F;Milky;5.4
3;S5747;F;Salted;3.3
3;S5747;F;Smooth;6.9
3;S5747;F;Sticky;6.0
1;S5748;F;Butter;3.4
1;S5748;F;Crumbly;6.3
1;S5748;F;Dense;6.7
1;S5748;F;Elastic;7.2
1;S5748;F;Fat;3.5
1;S5748;F;Fruity;1.5
1;S5748;F;Hard;5.4
1;S5748;F;Intense;2.3
1;S5748;F;Milky;3.4
1;S5748;F;Salted;1.1
1;S5748;F;Smooth;2.2
1;S5748;F;Sticky;6.2
2;S5748;F;Butter;9.7
2;S5748;F;Crumbly;7.8
2;S5748;F;Dense;1.6
2;S5748;F;Elastic;1.9
2;S5748;F;Fat;9.5
2;S5748;F;Fruity;3.5
2;S5748;F;Hard;3.3
2;S5748;F;Intense;6.4
2;S5748;F;Milky;8.8
2;S5748;F;Salted;3.3
2;S5748;F;Smooth;9.4
2;S5748;F;Sticky;6.0
3;S5748;F;Butter;7.3
3;S5748;F;Crumbly;1.6
3;S5748;F;Dense;4.5
3;S5748;F;Elastic;1.9
3;S5748;F;Fat;6.6
3;S5748;F;Fruity;6.7
3;S5748;F;Hard;3.3
3;S5748;F;Intense;5.9
3;S5748;F;Milky;8.5
3;S5748;F;Salted;3.3
3;S5748;F;Smooth;5.0
3;S5748;F;Sticky;5.3
